Angehörige-ID,Nachname,Vorname,Straße + Hnr,PLZ,Wohnort,zugehöriger Patient,Patienten-Nr,Telefon,E-Mail,Beziehung zum Patienten,letzter Kontakt,Art des Kontaktes,Notizen,Rolle
A0001,Dowerg,Felicitas,Jolanta-Höfig-Platz 82,21819,Backnang,Hartmann Antje,P0115,+49(0)1338908386,tomschacht@example.com,Ehepartner,2025-05-12,Brief,Sohn dir ins.,Angehöriger
A0002,Förster,Karl-Hans,Vanessa-Wiek-Ring 32,16155,Bad Liebenwerda,Drubin Eckard,P0229,08161 849593,biengesche@example.org,Kind,2025-05-05,Telefon,Verstecken Vogel Herr Kind.,Angehöriger
A0003,Knappe,Marta,Pavel-Klapp-Platz 87,19283,Moers,Hendriks Melita,P0759,0483503056,celal39@example.net,Nachbar,2025-02-10,Telefon,Hinter Welt klettern Freude Finger Monate fressen.,Angehöriger
A0004,Lorch,Corinne,Klotzplatz 76,87101,Sebnitz,Stumpf Janus,P0433,+49 (0) 6916 697848,stiffelirmingard@example.org,Ehepartner,2025-04-18,Telefon,Singen sonst Glück gar dir Abend See.,Angehöriger
A0005,Hesse,Irmgard,Ana-Döring-Allee 12,89325,Plauen,Wulf Aysel,P0224,00957 01543,hendrikspolina@example.net,Kind,2025-06-06,E-Mail,Seite Tisch Zimmer man.,Angehöriger
A0006,Eckbauer,Fedor,Rognerplatz 78,89638,Warendorf,Striebitz Carolin,P0028,+49(0)6578 71331,amir98@example.org,Nachbar,2025-04-01,Besuch,Beispiel ohne fast.,Angehöriger
A0007,Beckmann,Saskia,Boucseinstr. 92,47382,Gifhorn,Löffler Erdogan,P0666,06311 656670,bolanderromuald@example.net,Geschwister,2025-02-15,E-Mail,Fisch einmal kein in.,Angehöriger
A0008,Misicher,Karl-Heinrich,Patrizia-Bruder-Straße 54,08013,Ludwigsburg,Hesse Meryem,P0226,07360 260647,sigmar87@example.org,Freund,2025-01-18,E-Mail,Zeigen Nacht mehr sind bauen.,Angehöriger
A0009,Müller,Corinna,Björn-Pechel-Gasse 36,19136,Ribnitz-Damgarten,Meister Elke,P0829,+49(0) 990916998,sylvia43@example.net,Ehepartner,2025-04-25,Besuch,Freude dauern plötzlich klein wie.,Angehöriger
A0010,Briemer,Sylwia,Vadim-Scholtz-Weg 90,18384,Iserlohn,Stumpf Janus,P0433,+49(0)3542 784980,swantje12@example.com,Enkel,2025-01-05,Brief,Sie die fährt erzählen.,Angehöriger
A0011,Haase,Mohamed,Pärtzeltstraße 20,01640,Holzminden,Höfig Rudolph,P0221,+49 (0) 4278 680112,koch-iiconstanze@example.net,Enkel,2025-01-11,Telefon,Auf Hase Wiese Zeit.,Angehöriger
A0012,Klemt,Arnulf,Hanny-Hering-Allee 12,58692,Eberswalde,Rörricht Wulf,P0390,+49 (0) 6025 634216,moechlichenhelge@example.org,Ehepartner,2025-05-13,Brief,Gut traurig vom fallen richtig holen Fußball.,Angehöriger
A0013,Wirth,Christof,Killerweg 45,85014,Rostock,Seifert Adele,P0619,+49(0)0196 55698,krauserotraut@example.net,Enkel,2025-01-18,Telefon,Schwarz ab Wetter.,Angehöriger
A0014,Striebitz,Astrid,Otto-Losekann-Gasse 94,95148,Strasburg,Niemeier Jonas,P0471,0564823662,rudi80@example.com,Nachbar,2025-02-05,Telefon,Stark nie Gesicht kam schauen Licht.,Angehöriger
A0015,Wähner,Loni,Gertraude-Caspar-Ring 49,13433,Aue,Liebelt Kristiane,P0081,+49(0)3791769367,jhenk@example.net,Nachbar,2025-04-19,Brief,Springen etwas suchen Schnee.,Angehöriger
A0016,Binner,Vito,Simone-Eberhardt-Straße 81,78895,Schrobenhausen,Hörle Tobias,P0634,06872 77434,pschomber@example.com,Enkel,2025-03-05,E-Mail,Fenster glauben was Bett dich.,Angehöriger
A0017,Täsche,Ramazan,Ilonka-Hamann-Gasse 25,65876,Forst,Matthäi Volkhard,P0722,0690967054,ilindner@example.net,Ehepartner,2025-04-28,Telefon,Weg laut früh laufen Himmel Sache Straße sehen.,Angehöriger
A0018,Mosemann,Melissa,Elwira-Reinhardt-Gasse 85,99016,Moers,Karz Ralf,P0234,+49 (0) 0465 375564,fherrmann@example.com,Enkel,2024-12-18,Telefon,Bald Woche fallen Bein Wohnung auch antworten.,Angehöriger
A0019,Gute,Ivan,Else-Fliegner-Platz 30,71937,Kelheim,Heidrich Sedat,P0888,+49 (0) 9912 419049,tkruschwitz@example.org,Ehepartner,2024-12-28,Videocall,Fiel schnell gefährlich Schiff Tag stellen Mutter auch.,Angehöriger
A0020,Lorch,Anny,Bohnbachstr. 36,06716,Sigmaringen,Eimer Eveline,P0465,02628 498776,mariusz31@example.com,Geschwister,2025-05-25,Brief,Singen mögen rund glauben legen.,Angehöriger
A0021,Gnatz,Martin,Hahnring 21,54948,Osterode am Harz,Ehlert Jo,P0380,+49(0) 136783777,davidsklaus-ulrich@example.org,Enkel,2025-02-27,Besuch,Gehören nah Küche Mama ist.,Angehöriger
A0022,Rogner,Julie,Kitzmannweg 86,44431,Herford,Schmidt Hartwig,P0274,+49(0)8233 749894,gudeknut@example.org,Geschwister,2025-02-19,Telefon,Als man früher Zeitung Minute.,Angehöriger
A0023,Eberth,Hertha,Dobesallee 78,94777,Erbisdorf,Jähn Hulda,P0651,+49(0)4711671902,mareilerose@example.com,Kind,2024-12-30,E-Mail,Danach Sonne nie steigen Familie.,Angehöriger
A0024,Kramer,Annedore,Margrafring 94,49909,Zossen,Sorgatz Wally,P0251,+49(0) 341232812,langetomislav@example.net,Kind,2025-04-02,Videocall,Apfel gab führen versuchen beißen.,Angehöriger
A0025,Hettner,Horst,Silvio-Drewes-Weg 49,24210,Hechingen,Mentzel Ingetraut,P0277,(09471) 746488,fmangold@example.net,Geschwister,2024-12-22,E-Mail,Selbst nichts anfangen fast schaffen viel.,Angehöriger
A0026,Bärer,Cäcilia,Rustgasse 29,78742,Sigmaringen,Binner Türkan,P0702,01756 551256,qhoevel@example.com,Enkel,2025-05-12,Telefon,Arbeiten blau Flasche dafür Spiel vier trinken.,Angehöriger
A0027,Sontag,Abdullah,Lehmanngasse 30,85977,Forchheim,Steinberg Lydia,P0842,+49(0)8247 71093,louisrohleder@example.org,Ehepartner,2025-03-26,Brief,Fallen unser dabei Wissen.,Angehöriger
A0028,Fliegner,Friedericke,Trubinring 52,67737,Kulmbach,Scholz Angelique,P0275,+49(0) 982146584,holzapfelivana@example.com,Ehepartner,2025-05-17,Besuch,Überall leben deshalb Meer Gott Milch mein Klasse.,Angehöriger
A0029,Graf,Marius,Charlotte-Kraus-Platz 73,05766,Norden,Bolzmann Dietmar,P0898,+49(0)2895171870,sahinsoelzer@example.org,Geschwister,2024-12-28,Brief,Gleich Schluss Rad verkaufen verlieren.,Angehöriger
A0030,Reinhardt,Natalia,Junckweg 28,80913,Geithain,Eckbauer Kurt,P0672,+49(0)6117 240050,ortwin56@example.org,Freund,2025-01-28,Videocall,Mutter Stein drei Bett vom ob.,Angehöriger
A0031,Oestrovsky,Ilija,Hinrich-Misicher-Allee 83,74074,Bersenbrück,Hartung Tamara,P0470,05946 474367,hellwigralf-dieter@example.net,Kind,2025-02-18,Brief,Zwischen Garten Zimmer rennen früher.,Angehöriger
A0032,Striebitz,Carolin,Sibylle-auch Schlauchin-Allee 18,43953,Schweinfurt,Fliegner Siegfried,P0253,+49(0)2104 70952,huebelmato@example.net,Geschwister,2025-03-01,E-Mail,Davon Meer Zeit Mama Welt.,Angehöriger
A0033,Gehringer,Maritta,Nergerallee 69,51712,Säckingen,Löffler Herma,P0270,(06851) 60481,rkoch@example.net,Geschwister,2025-04-17,E-Mail,Herz packen heißen schauen Küche ob wirklich gewinnen.,Angehöriger
A0034,Hartung,Elena,Evi-Mitschke-Allee 55,61200,Niesky,Hande Janko,P0920,+49(0)1382 675869,reinhildeliebelt@example.net,Nachbar,2025-01-02,Videocall,Nächste wir Fußball schlecht etwas Katze Ferien.,Angehöriger
A0035,Dippel,Otmar,Ringweg 47,06431,Bremen,Adler Solveig,P0225,(03900) 53293,wielochbirthe@example.org,Kind,2025-04-01,E-Mail,Gewinnen der Weg Abend versuchen.,Angehöriger
A0036,Ehlert,Friedrich-Wilhelm,Gertzgasse 64,20539,Apolda,Lindner Annedore,P0094,+49 (0) 4026 811775,mentzelalmuth@example.org,Ehepartner,2025-06-06,Telefon,Sehr weit richtig.,Angehöriger
A0037,Mielcarek,Ladislaus,Burghard-Naser-Straße 20,17711,Schmölln,van der Dussen Hannah,P0643,+49 (0) 1249 985698,udo89@example.com,Kind,2025-01-02,Videocall,Verlieren rechnen sonst sechs.,Angehöriger
A0038,Losekann,Heinz-Dieter,Heidrichstraße 77,76615,Helmstedt,Beckmann Kerstin,P0066,(04527) 11116,weinhagejoana@example.com,Freund,2025-05-12,Videocall,Baum Wohnung Monate Sache ihm von wird.,Angehöriger
A0039,Ullmann,Sigmar,Wendelin-Hövel-Weg 77,51983,Staßfurt,Bonbach Jakob,P0480,03158 514936,schlossersuse@example.net,Nachbar,2025-05-15,Brief,Angst früh Sommer werden gut.,Angehöriger
A0040,Fechner,Hans-Bernd,Bohnbachplatz 71,18366,Hünfeld,Kroker Werner,P0882,+49 (0) 5459 910229,steuerdarius@example.com,Ehepartner,2025-03-06,Telefon,Laufen kann früh so dabei Jahr.,Angehöriger
A0041,Stiebitz,Karlfried,Putzweg 88,03690,Forchheim,Klotz Hedda,P0907,+49(0)3244 51076,floriankramer@example.net,Nachbar,2025-04-22,Brief,Monat rund haben hoch sie Junge kochen.,Angehöriger
A0042,Johann,Czeslaw,Ruppersbergerstraße 99,41605,Schwarzenberg,Klotz Veit,P0657,05161 369681,vjessel@example.com,Enkel,2025-01-24,Telefon,Berg Onkel Mama Eltern.,Angehöriger
A0043,Keudel,Leni,Vogtallee 38,31243,Scheinfeld,Franke Reinhardt,P0446,+49 (0) 1277 997995,gerd71@example.com,Kind,2025-03-05,Videocall,Stellen neben Haare bekommen kommen.,Angehöriger
A0044,Bohlander,Arnfried,Hörlegasse 1,99867,Meppen,Hornig Marie-Louise,P0977,(03597) 820715,paertzeltfreya@example.org,Geschwister,2024-12-22,Brief,Zwei Luft noch Hase wenn Hilfe.,Angehöriger
A0045,Kambs,Leila,Lisa-Schüler-Allee 65,15186,Greifswald,Holt Leyla,P0781,(09251) 92546,dianetrommler@example.org,Kind,2025-02-09,E-Mail,Platz gewinnen darin schreien Wissen über.,Angehöriger
A0046,Putz,Siegrun,Freya-Steckel-Straße 14,05423,Neuss,Rudolph Natalja,P0892,+49(0) 322141888,speermichail@example.net,Geschwister,2025-01-07,Brief,Die eigentlich Schluss oder Weihnachten sechs.,Angehöriger
A0047,Langern,Aziz,Steyweg 82,79473,Heiligenstadt,Wende Irmtrud,P0520,03597 746886,margittagute@example.net,Nachbar,2025-01-09,Besuch,Bald langsam heißen Wiese schwer.,Angehöriger
A0048,Ebert,Ann,Carstenallee 20,47826,Gadebusch,Möchlichen Sarah,P0383,05060 685361,helmut05@example.org,Kind,2025-05-17,E-Mail,Stein dein für turnen Schnee dem.,Angehöriger
A0049,Möchlichen,Ilka,Schmiedtgasse 100,04328,Calau,Beyer Kunibert,P0945,+49(0)3410 36971,ortmanndolores@example.net,Nachbar,2024-12-18,Telefon,Müssen Schüler ganz ab Haare möglich einige.,Angehöriger
A0050,Caspar,Gordana,Börnerstr. 77,67065,Wolfratshausen,Benthin Kunibert,P0332,+49(0)5153195205,margarete27@example.net,Freund,2025-03-12,Telefon,Tief bei sprechen klettern.,Angehöriger
A0051,Gutknecht,Klaus-Michael,Lissi-Gute-Gasse 15,48687,Bad Freienwalde,Schmidtke Hans-Gerhard,P0952,(03450) 54156,cweimer@example.com,Enkel,2025-02-15,Brief,Lehrer Lehrerin werfen Loch.,Angehöriger
A0052,Carsten,Luzia,Budigstraße 31,84511,Stendal,Köster Sieghard,P0060,+49(0)4796 27570,elisabet64@example.net,Kind,2025-06-12,E-Mail,Berg packen Hase Stück.,Angehöriger
A0053,Freudenberger,Hannah,Friedhold-Schlosser-Allee 11,02135,Kulmbach,Neureuther Liesa,P0088,(00927) 557192,rocco54@example.org,Geschwister,2025-06-08,Videocall,Selbst leicht Hilfe.,Angehöriger
A0054,Drubin,Canan,Wohlgemutring 9,39473,Demmin,Barth Mariechen,P0779,+49(0)7271 551884,miroslawa22@example.com,Nachbar,2025-03-18,Besuch,Zur Stein fertig legen.,Angehöriger
A0055,Röhrdanz,Oswin,Mosemannallee 17,91146,Passau,Jacob Sepp,P0676,0691251778,fernando89@example.org,Freund,2025-05-04,E-Mail,Jetzt weiter bauen daran.,Angehöriger
A0056,Jähn,Gerhardt,Gotthard-Junitz-Allee 22,58414,Sigmaringen,Klotz Czeslaw,P0272,04249 81829,guentersorgatz@example.net,Nachbar,2025-04-25,E-Mail,Gleich werfen auch vielleicht Bild Wissen Spaß Freude.,Angehöriger
A0057,Wilms,Heiko,Schönlandweg 55,78447,Tirschenreuth,Börner Moritz,P0988,0471027677,milosauch-schlauchin@example.org,Kind,2025-02-10,E-Mail,Selbst viel ziehen dauern heiß Monate.,Angehöriger
A0058,Hendriks,Marco,Eberhardtring 97,32104,Schwandorf,Seidel Alf,P0748,0325953278,tortmann@example.com,Geschwister,2024-12-19,Besuch,Lesen zehn Essen Haare baden legen.,Angehöriger
A0059,Söding,Rebecca,Hörlestr. 92,16245,Kehl,Dobes Annelies,P0320,+49(0)6098358416,jwieloch@example.com,Freund,2025-05-15,Brief,Schenken danach ziehen hinein stellen gleich wir so.,Angehöriger
A0060,Schleich,Hans-Uwe,Ottogasse 57,02578,Dresden,Metz Wally,P0922,(08259) 526949,amelie88@example.com,Nachbar,2025-04-23,Videocall,Lachen also gibt böse im.,Angehöriger
A0061,van der Dussen,Leopold,Dolores-Mühle-Ring 16,09728,Donaueschingen,Dehmel Adelheid,P0254,(03091) 30756,sandorstumpf@example.org,Kind,2025-02-28,Telefon,Wer von setzen bei dem erst gestern rot.,Angehöriger
A0062,Kohl,Anneli,Gerlachstraße 44,85497,Gotha,Scheibe Leonid,P0022,+49(0)8434 43757,bruni44@example.org,Nachbar,2025-03-29,E-Mail,Herr zu tot wohl suchen ganz für.,Angehöriger
A0063,Budig,Inken,Margrafweg 30,73384,Dessau,Girschner Michaele,P0603,+49(0)9933 083301,tkabus@example.com,Kind,2025-01-02,Telefon,Aber Milch wie hören.,Angehöriger
A0064,Mülichen,Sylvia,Sieringplatz 10,54019,Pfaffenhofen an der Ilm,Löchel Philip,P0725,+49(0)2620672400,catharina91@example.com,Geschwister,2025-02-05,Telefon,Luft warten dazu lernen früh Teller gibt.,Angehöriger
A0065,Mielcarek,Janin,Truppplatz 30,54932,Main-Höchst,Noack Evangelia,P0070,05161 22753,hessramon@example.org,Ehepartner,2025-03-06,Brief,Wohl gegen See alle reich.,Angehöriger
A0066,Heinz,Helmtrud,Gloria-Drubin-Straße 10,26841,Kelheim,Wulf Patrik,P0527,(03327) 279568,iwernecke@example.net,Kind,2025-05-15,Brief,Schenken nennen stehen lustig machen.,Angehöriger
A0067,Buchholz,Otfried,Burkhard-Rogge-Weg 86,98225,Chemnitz,Buchholz Michelle,P0498,(03971) 87072,kmeyer@example.org,Kind,2025-03-27,E-Mail,See hinter Tisch sieht Nacht.,Angehöriger
A0068,Löchel,Baptist,Thiesgasse 17,17046,Demmin,Scholtz Viviane,P0741,(06567) 66182,ernest28@example.com,Nachbar,2025-03-21,E-Mail,Um sofort zu kommen Schüler.,Angehöriger
A0069,Reichmann,Sigurd,Heinplatz 61,52431,Stendal,Häring Friedrich-Wilhelm,P0249,0903311907,henscheljohanne@example.org,Freund,2025-02-26,Videocall,Meer so sprechen den zwischen.,Angehöriger
A0070,Wagenknecht,Horst-Dieter,Ruststr. 25,34283,Hannover,Becker Hannelore,P0097,+49(0)0892 68705,hzimmer@example.com,Ehepartner,2025-04-21,Videocall,Deshalb her so lachen vergessen gefährlich.,Angehöriger
A0071,Fechner,Imke,Bohlanderstr. 46,68826,Greiz,Haering Fritz,P0434,+49(0) 517518304,msteinberg@example.net,Freund,2024-12-22,Videocall,Einigen Sommer sehen Monat.,Angehöriger
A0072,Hänel,Wolf,Jähngasse 94,31739,Lichtenfels,Bender Isa,P0056,+49(0) 854678544,anica77@example.org,Geschwister,2025-05-10,Telefon,Sommer Geschichte Erde genau aus vier sicher.,Angehöriger
A0073,Heß,Alexej,Hübelplatz 8,53693,Quedlinburg,Freudenberger Silvana,P0413,(05477) 72522,igorlitz@example.net,Geschwister,2025-06-08,Brief,Arbeit Vater wissen rund Sonne ihn unten.,Angehöriger
A0074,Börner,Herwig,Albert-Harloff-Weg 14,50997,Apolda,Hering Leonore,P0255,+49(0)8860084840,ggiess@example.org,Kind,2025-03-20,Besuch,Eis lustig Tisch freuen hoch.,Angehöriger
A0075,Lachmann,Peter,Rosemannplatz 69,41016,Koblenz,Gnatz Marina,P0460,07002 17659,raedelsofia@example.org,Kind,2025-01-26,Videocall,Land aus bekommen Wetter weg Musik Apfel.,Angehöriger
A0076,Jopich,Suse,Viola-Hänel-Weg 24,61429,Reutlingen,Linke Freya,P0286,0856218501,eheinrich@example.com,Freund,2025-04-04,Besuch,Wohnen hoch spielen antworten früh zwischen leben halbe.,Angehöriger
A0077,Kohl,Thekla,Gotthardweg 10,19431,Großenhain,Förster Wilfried,P0454,+49 (0) 6265 511047,klara41@example.org,Nachbar,2024-12-30,Telefon,Kein Minutenmir hören anfangen haben Boden.,Angehöriger
A0078,Ziegert,Dora,Krausegasse 7,66183,Tirschenreuth,Löchel Tassilo,P0668,0224447212,ahofmann@example.com,Nachbar,2025-03-13,Telefon,Hart wirklich sechs Lehrer.,Angehöriger
A0079,Gunpf,Elizabeth,Döringplatz 12,06596,Meiningen,Hermighausen Raimund,P0949,06924593752,sjuncken@example.net,Kind,2025-04-21,Besuch,Zehn später gesund fährt stark hat wieder.,Angehöriger
A0080,Scheel,Hans-Werner,Hanny-Wilmsen-Weg 53,73741,Suhl,Buchholz Michelle,P0498,02434 266179,zsaeuberlich@example.net,Freund,2025-03-17,Besuch,Mein steigen Hand Wasser Maus packen.,Angehöriger
A0081,Dörr,Detlef,Gerta-Stadelmann-Ring 52,90965,Büsingen am Hochrhein,Werner Arno,P0925,+49(0)1438889937,remo79@example.net,Ehepartner,2025-03-16,Besuch,Über las Garten wer bis Tür.,Angehöriger
A0082,Faust,Janett,Jockelring 49,38757,Mayen,Hiller Raik,P0003,05140 105123,birgidfreudenberger@example.com,Freund,2025-03-27,Brief,Fehlen hängen einfach Papa jetzt Angst nur.,Angehöriger
A0083,Mende,Hans-Rudolf,Krebsgasse 59,34191,Kehl,Ritter Niko,P0293,03714785969,hschaaf@example.com,Freund,2025-02-17,E-Mail,Nämlich Tier Schuh geben nur bin davon.,Angehöriger
A0084,Henck,Erkan,Drubplatz 85,28669,Rockenhausen,Schmidtke Anneli,P0736,0627828274,hans-guentherjopich@example.com,Freund,2025-04-07,Besuch,Woche lassen Eltern heute Monate reich.,Angehöriger
A0085,Stolze,Saban,Liebeltweg 25,72190,Halberstadt,Wieloch Hubertine,P0304,+49(0)4384279788,ruppersbergerercan@example.com,Kind,2025-05-05,Telefon,Mehr sofort sollen kam etwas ist.,Angehöriger
A0086,Söding,Jelena,Konstantinos-Beckmann-Straße 75,51713,Wittmund,Stadelmann Katerina,P0754,(05962) 923309,annita49@example.net,Nachbar,2025-01-14,Telefon,Gab freuen versuchen zur schenken.,Angehöriger
A0087,Ernst,Dragan,Bonbachring 96,23253,Neustadtner Waldnaab,Geisler Bärbel,P0322,+49 (0) 9466 711684,uli75@example.net,Ehepartner,2024-12-15,Telefon,Seit klettern rufen halten.,Angehöriger
A0088,Reinhardt,Carl,Harloffstraße 75,74545,Rehau,Schmidt Karl-Wilhelm,P0489,05001 701277,lorchhansjoachim@example.net,Nachbar,2025-05-30,E-Mail,Dir wieder früh reich Fisch.,Angehöriger
A0089,Stadelmann,Peer,Berndt-Kroker-Allee 21,36110,Neu-Ulm,Niemeier Cordula,P0059,+49(0)2938 700516,wladimirboucsein@example.org,Nachbar,2025-02-23,Telefon,Brot Haus Geburtstag heute.,Angehöriger
A0090,Weller,Margareta,Florence-Stey-Platz 24,89092,Jena,Reising Hilma,P0071,+49(0) 269731121,bkiller@example.com,Nachbar,2025-05-08,Telefon,Fuß bin Minute neun nimmt.,Angehöriger
A0091,Stumpf,Lia,Minna-Sorgatz-Ring 87,89836,Spremberg,Trubin Eleonora,P0883,+49(0)3761379180,sylke52@example.com,Kind,2025-05-21,Videocall,In merken dumm können zurück bekommen nass.,Angehöriger
A0092,Hesse,Alex,Arnulf-Bonbach-Straße 16,86661,Görlitz,Haering Ute,P0965,+49(0)4183 285691,hildburg63@example.org,Nachbar,2025-01-28,Besuch,Dafür nun Ball ruhig rennen durch.,Angehöriger
A0093,Trommler,Aleksandr,Hilma-Atzler-Platz 75,58842,Cuxhaven,Kühnert Albertine,P0609,+49(0)1056 48149,oestrovskyullrich@example.net,Ehepartner,2025-02-18,E-Mail,Versuchen draußen Ding spielen waschen schaffen dafür.,Angehöriger
A0094,Pechel,Jolanda,Baldur-Aumann-Platz 11,75622,Rastatt,Bruder Otto,P0430,(06353) 65419,ernst-august80@example.org,Geschwister,2025-01-24,E-Mail,Zug wohl Bein Kopf führen unter gesund.,Angehöriger
A0095,Meyer,Birgitt,Paul-Gerhard-Gute-Ring 73,93759,Fallingbostel,Nette Rose,P0536,03206 03850,abdullah64@example.org,Enkel,2025-01-21,Brief,Immer Wort Zeitung denken Fußball.,Angehöriger
A0096,Heinrich,Aziz,Thiesring 27,19182,Biedenkopf,Bonbach Doris,P0686,(09062) 344565,torsten43@example.org,Geschwister,2025-06-05,Brief,Spät Nase die dort.,Angehöriger
A0097,Johann,Vladimir,Dussen vanstr. 31,37474,Bremen,Klotz Czeslaw,P0272,+49 (0) 4903 521356,steykristian@example.com,Freund,2025-05-14,Besuch,Antworten hängen Kind sind.,Angehöriger
A0098,Dehmel,Jakob,Dobesallee 86,10032,Lobenstein,Zobel Frieda,P0661,01994101372,kabusevangelos@example.org,Enkel,2025-06-05,Videocall,Drehen müde traurig.,Angehöriger
A0099,Oestrovsky,Rico,Ralph-Stoll-Straße 41,53244,Dresden,Schmidtke Hans-Gerhard,P0952,+49(0)9993476870,holtramazan@example.org,Ehepartner,2025-03-01,Telefon,Fisch öffnen mein alt Herz Schwester langsam.,Angehöriger
A0100,Neureuther,Liesa,Rosemannstr. 59,64205,Aurich,Hesse Kunibert,P0637,+49(0)0785 93213,josereinhardt@example.net,Nachbar,2024-12-25,Telefon,Müssen zum Hilfe will zwei.,Angehöriger
A0101,Gierschner,Hakan,Deborah-Junck-Allee 10,90599,Regensburg,Döring Isabell,P0551,+49(0) 784270103,aloisputz@example.com,Kind,2024-12-15,E-Mail,Erde dauern schön wenn unter gestern an nass.,Angehöriger
A0102,Faust,Simone,Milica-Putz-Ring 34,56915,Hildburghausen,Wernecke Frauke,P0136,+49 (0) 2675 289539,pirminjaentsch@example.net,Enkel,2025-04-19,Telefon,Dürfen ab schreiben müde.,Angehöriger
A0103,Winkler,Mirjana,Hans-Christian-Schleich-Ring 32,91725,Germersheim,Sorgatz Jane,P0379,05215704331,jerzy10@example.org,Enkel,2025-02-23,Besuch,Zeigen war Leben Herr Mensch bringen.,Angehöriger
A0104,Zirme,Wolf,Gotthold-Mentzel-Gasse 57,40541,Illertissen,Lorch Nina,P0854,+49 (0) 6218 159970,ksoeding@example.net,Nachbar,2025-05-26,Brief,Ball gibt ziehen ich.,Angehöriger
A0105,Ullmann,Birte,Speerring 79,31069,Döbeln,Gertz Ahmad,P0827,+49(0)5061497310,goetzschweitzer@example.com,Geschwister,2025-06-11,E-Mail,Unten gelb hoch laut rot Blume mein.,Angehöriger
A0106,Koch II,Hans-Friedrich,Koch IIplatz 2,04774,Großenhain,Wernecke Hanno,P0684,(00211) 586938,kraushaarmaria@example.net,Nachbar,2025-03-01,Brief,Schlagen will müde Ferien Geburtstag hinter verlieren.,Angehöriger
A0107,Paffrath,Aribert,Ernst-Otto-Wernecke-Straße 85,23320,Bitterfeld,Bähr Georgia,P0107,(06329) 45116,urohleder@example.com,Kind,2025-03-20,Brief,Stark oben los.,Angehöriger
A0108,Dowerg,Siegfried,Fischerplatz 15,19148,Lörrach,Rosenow Pascal,P0912,+49(0)6799 70246,ellischlosser@example.net,Ehepartner,2025-04-20,E-Mail,Hinter Wagen schlimm.,Angehöriger
A0109,Weinhage,Benjamin,Heuserring 20,54447,Geithain,Köster Stanislaw,P0279,+49 (0) 4754 691373,fweihmann@example.net,Enkel,2025-05-22,E-Mail,Liegen dir Geld lesen.,Angehöriger
A0110,Zahn,Franz-Josef,Hakan-Gröttner-Platz 27,30705,Gunzenhausen,Girschner Zdenka,P0735,07861035797,victoriamuehle@example.net,Enkel,2025-03-25,Besuch,Dorf waschen sind schlecht fünf hier.,Angehöriger
A0111,Rudolph,Gotthold,Nadine-Hartung-Allee 88,34680,Naila,Fechner Hartmut,P0650,+49 (0) 2903 494466,valerij43@example.com,Enkel,2025-02-08,E-Mail,Treffen hoch bringen Licht rot unten helfen.,Angehöriger
A0112,Scheibe,Frieda,Huhnweg 63,71545,Griesbach Rottal,Heuser Maren,P0258,(04328) 30965,irmtraudbauer@example.net,Ehepartner,2025-03-16,Telefon,Frau immer Hilfe Arbeit Schule.,Angehöriger
A0113,Grein Groth,Charlotte,van der Dussenweg 82,87584,Staßfurt,Haering Fritz,P0434,02417 24825,hartungnorman@example.org,Enkel,2025-04-30,Telefon,In warm heißen Nase Kopf.,Angehöriger
A0114,Möchlichen,Erkan,Nuran-Schulz-Weg 1,73816,Lübben,Hendriks Tibor,P0342,+49(0)2235697252,neuschaefermeik@example.net,Kind,2025-06-13,Brief,Onkel aber früh sollen drehen Sonne.,Angehöriger
A0115,Zimmer,Adelheid,Folker-Schmiedecke-Straße 21,66760,Pfaffenhofen an der Ilm,Schmiedt Bela,P0760,+49(0) 505830033,ludwig21@example.com,Freund,2025-03-17,E-Mail,Draußen treffen Geburtstag ganz sein.,Angehöriger
A0116,Pruschke,Dina,Lübsweg 91,57532,Arnstadt,Schuchhardt Justina,P0438,+49(0) 323098215,kohlpetra@example.net,Nachbar,2025-01-30,Telefon,Oben nein Auto Buch um Auto dafür.,Angehöriger
A0117,Kramer,Till,Bernadette-Herrmann-Straße 15,30461,Schwerin,Höfig Petra,P0078,(02618) 914117,eileengute@example.com,Geschwister,2025-05-16,Besuch,Halten ich doch merken weiter.,Angehöriger
A0118,Nerger,Heidi,Heinzgasse 70,11972,Oranienburg,Stumpf Veit,P0037,+49(0)1437 447012,hoffmannosman@example.net,Enkel,2025-02-10,E-Mail,Brauchen Sohn aus verkaufen.,Angehöriger
A0119,Seifert,Gilda,Mattias-Klemt-Straße 71,15521,Lippstadt,Textor Hassan,P0152,04676 212021,eschaefer@example.net,Freund,2025-04-18,Besuch,Noch spät noch vielleicht.,Angehöriger
A0120,Vogt,Rahel,Xaver-Neuschäfer-Gasse 6,70145,Vilsbiburg,Dörschner Klemens,P0316,(08993) 58891,uspeer@example.org,Enkel,2025-03-13,Telefon,Deshalb tun was nun alle Wiese.,Angehöriger
A0121,Möchlichen,Amalia,Gehringergasse 46,53540,Quedlinburg,Dippel Erdal,P0216,(06631) 77971,umatthaei@example.org,Geschwister,2025-06-12,Besuch,Brot ihn mit.,Angehöriger
A0122,Conradi,Abbas,Pechelstr. 86,75503,Hohenstein-Ernstthal,Schönland Hildegund,P0106,09975 71130,norman48@example.net,Enkel,2025-02-21,E-Mail,Aus dort den schön.,Angehöriger
A0123,Lange,Irmtraud,Jaroslav-Schmidt-Platz 53,16373,Bützow,Hiller Isa,P0998,0091779827,radischjelena@example.org,Nachbar,2025-03-26,Besuch,Uns las letzte werden durch Nacht.,Angehöriger
A0124,Eckbauer,Janette,Reimer-Sontag-Weg 31,86693,Lichtenfels,Schleich Wendelin,P0886,04722698485,hans-willihaering@example.net,Kind,2025-04-24,Besuch,Werden davon schwer ziehen dürfen mein.,Angehöriger
A0125,Junitz,Fadime,Kirstin-Kitzmann-Weg 53,99684,Anklam,Seip Robin,P0026,01062 00342,hedda42@example.org,Kind,2025-04-20,Brief,Erklären mehr halten Kind nächste.,Angehöriger
A0126,Warmer,Gusti,Josefa-Seifert-Weg 53,38406,Lübz,Heinrich Milka,P0822,(05800) 43973,katherina98@example.net,Geschwister,2025-04-04,Besuch,Garten durch Schiff einige dunkel.,Angehöriger
A0127,Dussen van,Anita,Benthinstraße 35,84229,Altentreptow,Mühle Reinhardt,P0164,07202590947,claus58@example.org,Geschwister,2025-06-08,Telefon,Bein lesen ihr Maus Blume Fahrrad essen.,Angehöriger
A0128,Kabus,Mehdi,Hornigplatz 49,80157,Sondershausen,Schaaf Gunar,P0894,(09305) 616484,plathmarie@example.com,Ehepartner,2025-03-19,Videocall,Katze Auge weg Eis lieb Wissen draußen.,Angehöriger
A0129,Wirth,Valerie,Erica-Bolzmann-Platz 29,61386,Wolfratshausen,Bauer Hans-Heinrich,P0205,(02075) 01102,brita19@example.org,Freund,2025-05-30,Brief,Hilfe ohne jetzt also schaffen Mann.,Angehöriger
A0130,Tschentscher,Florence,Kathleen-Weinhage-Weg 40,15814,Schlüchtern,Zimmer Kathi,P0841,+49(0)4766 072832,sritter@example.net,Kind,2025-01-10,Besuch,Wohnung alle vor den auf müde.,Angehöriger
A0131,Renner,Richard,Leo-Häring-Allee 4,36822,Gadebusch,Jacob Sepp,P0676,(04312) 908781,grit14@example.org,Kind,2025-01-20,Videocall,Laut gibt das reiten Brief ob Weg Geschenk.,Angehöriger
A0132,Jüttner,Tomislav,Täschestr. 43,99556,Altentreptow,Linke Freya,P0286,03364525777,leila47@example.net,Ehepartner,2025-01-03,Brief,Bild fährt tun warum Ende Seite offen sehr.,Angehöriger
A0133,Bähr,Rosalie,Margaret-Salz-Weg 45,93084,Staffelstein,Klotz Veit,P0657,+49 (0) 5639 427881,gknappe@example.org,Nachbar,2025-04-15,Videocall,Schiff sofort den dir Mädchen Mutter von der.,Angehöriger
A0134,Nette,Janine,Benthinplatz 87,31453,Strausberg,Staude Rosel,P0864,+49(0) 856770051,martha49@example.net,Nachbar,2025-03-29,Brief,Reich hat reich um liegen her.,Angehöriger
A0135,Hauffer,Serpil,Kitzmannallee 4,77908,Meiningen,Hesse Jolanthe,P0119,+49 (0) 3184 322259,speerhermann-josef@example.com,Enkel,2025-05-12,Besuch,Las lange erzählen doch.,Angehöriger
A0136,Langern,Marliese,Ingo-Beyer-Platz 75,28092,Eggenfelden,Eimer Helen,P0986,+49(0)2869 90413,eauch-schlauchin@example.com,Enkel,2025-01-15,Telefon,Neun Stelle tragen ein richtig Freude.,Angehöriger
A0137,Striebitz,Isabella,Metzstr. 14,36621,Flöha,Binner Gitta,P0611,08629 12799,ziegertannie@example.net,Freund,2025-05-01,Brief,Las dauern nicht tun.,Angehöriger
A0138,Wohlgemut,Rosita,Preißstraße 94,08637,Jena,Hoffmann Attila,P0806,(09162) 473149,mhertrampf@example.org,Enkel,2025-04-23,Videocall,Nacht damit acht.,Angehöriger
A0139,Haering,Geraldine,Langering 78,26944,Rehau,Hande Jens-Peter,P0524,09463688725,therrmann@example.net,Ehepartner,2025-02-16,Videocall,Setzen verstecken richtig sind kaufen schon.,Angehöriger
A0140,Ditschlerin,Gotthard,Andrea-Kühnert-Ring 74,26012,Saulgau,Wilms Marga,P0195,0114351906,pschmiedecke@example.net,Enkel,2025-02-05,Telefon,Bauer spielen dunkel legen alle verkaufen wie ließ.,Angehöriger
A0141,Beer,Hans-Ludwig,Elisabet-Geisler-Allee 91,53021,Lippstadt,Bolander Herta,P0447,06693801184,nick43@example.net,Ehepartner,2025-06-09,E-Mail,Wie müssen frei hören Bruder beißen Garten.,Angehöriger
A0142,Drub,Trude,Rennerallee 69,76973,Miltenberg,Kabus Heinrich,P0704,(07907) 14163,luitgardjopich@example.com,Geschwister,2025-06-07,Besuch,Mann schreiben fressen für holen sind glücklich.,Angehöriger
A0143,Gieß,Birthe,Johannring 47,94237,Gera,Wohlgemut Andrey,P0442,+49(0) 433339521,budiggoenuel@example.net,Ehepartner,2025-03-15,Brief,Sonne mehr auf.,Angehöriger
A0144,Köhler,Wolfram,Nohlmansstr. 80,72846,Wolmirstedt,Geisler Bärbel,P0322,(02086) 780856,utzdussen-van@example.net,Geschwister,2025-03-19,Telefon,Schlecht alle erzählen nah gestern nun.,Angehöriger
A0145,Gotthard,Joerg,Hellwigring 93,95527,Freital,Metz Wally,P0922,0556472929,margarethaditschlerin@example.net,Enkel,2025-02-02,E-Mail,Minutenmir verstehen Ende Stunde sich.,Angehöriger
A0146,Anders,Wilfried,Siegward-Ortmann-Platz 40,74489,Lichtenfels,Pergande Willy,P0683,+49(0)2034 717545,bruni84@example.com,Freund,2024-12-18,Brief,Haare schenken nie nach.,Angehöriger
A0147,Seip,Friedlinde,Lidija-Hölzenbecher-Ring 52,87716,Monschau,Hertrampf Hertha,P0714,(02256) 99611,mohammadheidrich@example.com,Enkel,2025-02-10,E-Mail,Schwer nichts hinter warten spät.,Angehöriger
A0148,Klotz,Tatjana,Lehmannplatz 17,02341,Eggenfelden,Koch Dietmar,P0197,0111780068,doehnjonas@example.net,Freund,2025-01-12,Videocall,Gelb Finger fünf offen dauern uns.,Angehöriger
A0149,Beer,Andy,Junkallee 87,78487,Vechta,Rohleder Luzie,P0767,02997 96884,wolfhard83@example.org,Kind,2025-03-05,E-Mail,Ihm die alle Luft Sohn dein.,Angehöriger
A0150,Möchlichen,Kemal,Heiderose-Noack-Straße 73,06493,Pößneck,Höfig Elisabeth,P0309,03686632663,dan63@example.net,Freund,2025-05-03,E-Mail,Tante schlafen fünf sie Teller ihn verlieren ein.,Angehöriger
A0151,Dörschner,Klaus,Schönlandstraße 1,97350,Badibling,Klotz Zita,P0312,00214 42703,flantzalexandre@example.com,Enkel,2025-01-23,Besuch,Geld Stunde über Kopf Stein gibt.,Angehöriger
A0152,Weitzel,Meta,Bertram-Hethur-Straße 56,87234,Anklam,Wiek Svetlana,P0805,+49(0)3673 037183,rkrebs@example.com,Nachbar,2025-06-04,E-Mail,Oft auf Winter los.,Angehöriger
A0153,Nerger,Janus,Gumprichring 84,31365,Eggenfelden,Etzold Karl-Heinz,P0330,+49(0)9163 00979,pedrowinkler@example.org,Freund,2025-01-29,Videocall,Blume nämlich wie über oder Baum Platz.,Angehöriger
A0154,Reising,Hilma,Fedor-Neuschäfer-Platz 57,85730,Kaiserslautern,Kostolzin Manuela,P0692,+49 (0) 4077 848739,beatakeudel@example.com,Kind,2025-04-28,E-Mail,Vogel neu viel doch Mama.,Angehöriger
A0155,Hübel,Tomas,Riehlring 61,08620,Schweinfurt,Eckbauer Clarissa,P0813,+49(0) 518638782,mariusz65@example.org,Geschwister,2025-01-01,Besuch,Auge Winter dürfen antworten.,Angehöriger
A0156,Neureuther,Ekkehard,Eckart-Beckmann-Weg 85,78994,Kehl,Misicher Theres,P0087,+49(0) 910371705,ykoch@example.net,Enkel,2024-12-25,E-Mail,Freude auch Beispiel gehen wirklich Wort braun sehen.,Angehöriger
A0157,Krause,Annie,Hans-Jörg-Putz-Allee 85,92886,Soest,Kusch Loni,P0649,(05761) 228685,antoinetteschinke@example.com,Nachbar,2025-06-03,Brief,Mich über unter ihn Onkel trinken.,Angehöriger
A0158,Schlosser,Marko,Carina-Ritter-Platz 12,84577,Aachen,Heinz Alessandro,P0839,+49(0)4908240433,anastasios48@example.net,Kind,2025-03-26,Brief,Die Arzt halbe dem Haus Name Fenster.,Angehöriger
A0159,Jacob,Mareile,Cecilia-Kuhl-Weg 29,15727,Sangerhausen,Schleich Andreas,P0826,(04096) 10556,xdussen-van@example.org,Kind,2025-04-30,Besuch,Wichtig Onkel Oma Ball Luft Geschenk Mutter gesund.,Angehöriger
A0160,Hartung,Hilda,Bernard-Steinberg-Allee 4,79981,Mallersdorf,Ehlert Bianka,P0048,+49(0)6225 17908,fhesse@example.com,Kind,2025-03-16,Videocall,Sommer langsam endlich hinter.,Angehöriger
A0161,Gunpf,Chantal,Imre-Boucsein-Ring 79,59116,Kehl,Kallert Traudel,P0871,03559042597,thiesbeyer@example.org,Ehepartner,2025-01-20,Videocall,Ding sein bis sich fiel ob.,Angehöriger
A0162,Hövel,Gebhard,Mohammad-Täsche-Gasse 54,77053,Forchheim,Drub Francesco,P0908,08487 92069,hermighausengustav@example.org,Geschwister,2025-02-04,E-Mail,Fröhlich Kopf wissen beim richtig rufen weiß Hand.,Angehöriger
A0163,Bähr,Ekkehart,Seipstraße 25,68157,Erding,Schmidtke Anneli,P0736,+49(0) 878003845,vkreusel@example.org,Geschwister,2024-12-18,Videocall,Halbe gegen öffnen zu früher bei.,Angehöriger
A0164,Kraushaar,Joachim,Tilly-Röhricht-Ring 64,25621,Parchim,Hölzenbecher Karl-Friedrich,P0410,(09363) 92649,tom82@example.org,Kind,2025-04-13,Besuch,Mehr Stunde vielleicht gelb Schuh Luft dazu öffnen.,Angehöriger
A0165,Winkler,Zehra,Gerhild-Rosemann-Platz 84,18812,Dinslaken,Nette Harald,P0705,+49(0)5664742312,andreswiek@example.net,Ehepartner,2025-04-06,Telefon,Mädchen fehlen fehlen schlagen Hand schlagen Land leise.,Angehöriger
A0166,Möchlichen,Edda,Gorlitzallee 100,77223,Backnang,Bärer Veronica,P0436,0046333127,ustroh@example.com,Kind,2025-05-26,Besuch,Hängen auf selbst Herr genau nun.,Angehöriger
A0167,Rudolph,Josefa,Anne-Kathrin-Dörr-Straße 90,03886,Ravensburg,Winkler Henni,P0531,0803476447,sigismundhornig@example.net,Freund,2025-06-01,Telefon,Weil Kopf plötzlich bleiben leicht eigentlich Nase.,Angehöriger
A0168,Textor,Rosel,Reza-Lehmann-Ring 72,02793,Bremen,Weinhage Marleen,P0256,+49(0)5211 17518,yvogt@example.net,Ehepartner,2025-04-06,Videocall,Heraus Herr sonst weiß.,Angehöriger
A0169,Sorgatz,Carola,Gotthilf-Fiebig-Platz 18,64474,Cloppenburg,Gute Christl,P0821,+49 (0) 3094 077780,nhellwig@example.net,Freund,2025-04-14,E-Mail,Ich Bett neun finden merken ob mit.,Angehöriger
A0170,Hänel,Marieluise,Hans-Friedrich-Finke-Gasse 72,02099,Hohenstein-Ernstthal,Kuhl Etta,P0610,+49(0)0162 249998,waltraudmeyer@example.net,Enkel,2025-03-30,Videocall,Boden Geburtstag Haus.,Angehöriger
A0171,Börner,Rafael,Rognergasse 79,72145,Pasewalk,Krebs Diethard,P0835,+49(0) 390198179,slobodan95@example.com,Geschwister,2025-03-21,E-Mail,Haben das Musik Loch Oma Leben eigentlich nimmt.,Angehöriger
A0172,Hoffmann,Ines,Abraham-Drubin-Gasse 55,13966,Holzminden,Cichorius Krista,P0851,08303441448,krista01@example.net,Nachbar,2025-02-13,Videocall,Sehen nächste Angst durch gibt gleich.,Angehöriger
A0173,Naser,Gudula,Beierweg 21,72785,Lübben,Schulz Luise,P0762,+49(0)8495880395,celal24@example.org,Freund,2025-02-15,Videocall,Offen unten möglich Himmel nein vier.,Angehöriger
A0174,Jäntsch,Kata,Tröstgasse 34,61735,Hannoversch Münden,Putz Philip,P0770,+49(0) 842150317,nettesarina@example.net,Kind,2025-01-12,Brief,Werfen Seite Luft sprechen denken von.,Angehöriger
A0175,Plath,Marie,Harm-Ullrich-Gasse 99,68104,Torgau,Schleich Heimo,P0797,(01570) 184094,marijangute@example.org,Nachbar,2025-02-05,Videocall,Geschenk kam damit deshalb früh als oben.,Angehöriger
A0176,Dobes,Anita,Babette-Killer-Weg 81,42493,Bernburg,Adler Hans-H.,P0245,+49(0)9587 02070,krausbernward@example.org,Enkel,2025-03-03,Videocall,Schuh warum ohne schlecht.,Angehöriger
A0177,Schmiedt,Tilo,Jockelring 10,81792,Vechta,Stey Carmine,P0731,01747 733294,renato25@example.com,Enkel,2025-03-07,Besuch,Beim dabei lange.,Angehöriger
A0178,Geißler,Milena,Wilmsenring 35,81615,Hannoversch Münden,Freudenberger Irena,P0344,07696 39382,ekraus@example.com,Enkel,2025-01-22,E-Mail,Jeder zu Mädchen glücklich Schluss dumm Sache sich.,Angehöriger
A0179,Ruppersberger,Ingetraud,Drewesstr. 11,58172,Luckenwalde,Kuhl Berta,P0142,+49(0)9196 570132,werneckegabriel@example.net,Kind,2025-01-11,Besuch,Ganz nächste kaufen erschrecken vorbei Geburtstag Stelle.,Angehöriger
A0180,Jähn,Hannah,Truppring 50,90986,Haldensleben,Lehmann Stefanie,P0711,+49(0)5800851403,ltintzmann@example.com,Kind,2025-04-08,Besuch,Hängen jung es dumm dem Minutenmir.,Angehöriger
A0181,Klingelhöfer,Meta,Fliegnerring 9,20102,Staßfurt,Lindau Marit,P0425,0212679692,bpechel@example.net,Freund,2025-05-14,Brief,Halbe einige nichts Nacht Vater fertig.,Angehöriger
A0182,Heuser,Aline,Ritterstr. 70,00975,Rostock,Kobelt Hildegund,P0478,01284 781891,wigbertschuchhardt@example.net,Freund,2025-04-15,Telefon,Schiff Meer Nacht nun.,Angehöriger
A0183,Karz,Sandy,Walfried-Metz-Weg 27,95654,Eggenfelden,Nette Anna,P0853,+49(0)9494079290,manuela90@example.com,Freund,2025-03-13,Videocall,Lesen verkaufen Fuß davon.,Angehöriger
A0184,Höfig,Karl-Ludwig,Austermühleweg 99,92927,Eisenach,Dippel Maurice,P0599,+49(0)3728 05129,mayaoderwald@example.com,Geschwister,2025-05-04,Telefon,Richtig sehr draußen nach unser.,Angehöriger
A0185,Segebahn,Bert,Wendeallee 98,02767,Nauen,Ritter Monica,P0590,03667 42860,susana76@example.net,Freund,2025-02-10,Videocall,Schiff auch wenn packen wohnen jeder wenn.,Angehöriger
A0186,Heydrich,Nancy,Hillerring 1,49673,Parchim,Löffler Calogero,P0966,02580010618,stolzetilo@example.com,Enkel,2025-01-24,Brief,Flasche Arbeit ob bauen nein.,Angehöriger
A0187,Harloff,Rose-Marie,Ina-Dussen van-Gasse 97,69212,Haldensleben,Pärtzelt Abdul,P0400,01746 542140,vkraushaar@example.org,Freund,2025-01-31,E-Mail,Dürfen Beispiel zu er hinein.,Angehöriger
A0188,Noack,Frederike,Friedrich-Reuter-Straße 96,91741,Bersenbrück,Beer Jo,P0753,+49(0)9470 720064,hildegartjuettner@example.com,Nachbar,2025-03-30,E-Mail,Schule Spaß lange Hunger sehr tief Beispiel.,Angehöriger
A0189,Adler,Henner,Strohallee 29,19855,Lobenstein,Harloff Elly,P0500,+49(0)1585174328,krausgesa@example.org,Kind,2025-02-07,Brief,Wasser ohne Hand bis Oma selbst.,Angehöriger
A0190,Beier,Fredy,Andrei-Tschentscher-Weg 56,76184,Pfaffenhofen an der Ilm,Buchholz Michelle,P0498,00050 506138,istiebitz@example.org,Ehepartner,2025-04-29,Videocall,Werfen arbeiten den reich können.,Angehöriger
A0191,Schönland,Sinaida,Ingbert-Tintzmann-Allee 44,02041,Schongau,Fiebig Knut,P0685,+49 (0) 9111 799313,zkallert@example.net,Geschwister,2025-04-18,Videocall,Dann Schiff Mensch Gesicht Zahl essen.,Angehöriger
A0192,Scheel,Bartholomäus,Micha-Bolnbach-Gasse 93,26258,Mayen,Bachmann Gino,P0170,+49(0) 902196207,albersahmed@example.org,Freund,2025-06-02,Besuch,Warm im Tante Spiel Schluss erschrecken Papa Luft.,Angehöriger
A0193,Henck,Samir,Eleni-Süßebier-Gasse 80,79145,Altentreptow,Peukert Uwe,P0547,03318 19588,vitaliwinkler@example.net,Ehepartner,2025-04-14,Videocall,Bald dabei deshalb unten weiß.,Angehöriger
A0194,Gierschner,Aleksandra,Grete-Beyer-Gasse 76,43645,Bad Liebenwerda,Meister Roderich,P0578,+49(0)0822 078113,lscheel@example.com,Geschwister,2025-03-01,Telefon,Fast böse fangen fertig ihn er.,Angehöriger
A0195,Hartmann,Rosa-Maria,Werner-Sauer-Straße 11,62397,Kyritz,Mende Ernst,P0659,02735435209,holtfranz-xaver@example.org,Freund,2025-05-19,Besuch,Immer sollen fahren Garten Ding Stelle wohl.,Angehöriger
A0196,Geißler,Saskia,Dierk-Langern-Weg 60,39774,Wetzlar,Dörr Uli,P0187,0335693929,lindaubaldur@example.org,Ehepartner,2025-06-14,Brief,Arbeit Mama lange Straße traurig Kind fest.,Angehöriger
A0197,Weller,Britt,Henni-Wagenknecht-Straße 49,25431,Neubrandenburg,Kobelt Veit,P0336,(04279) 90772,ygorlitz@example.com,Kind,2025-04-08,Videocall,Viel Beispiel was.,Angehöriger
A0198,Radisch,Meik,Konrad-Loos-Ring 42,19508,Badoberan,Trupp Helen,P0346,+49(0)6579 055281,frederikkaester@example.org,Freund,2025-03-23,Brief,Setzen sitzen vom schreien sitzen sollen Geschichte.,Angehöriger
A0199,Hethur,Rosmarie,Hofmanngasse 97,55778,München,Gierschner Filippo,P0975,08479 51371,kreinrosmarie@example.org,Freund,2025-02-05,Brief,Böse früher schnell Lehrer.,Angehöriger
A0200,Haase,Paula,Klaus-Michael-Lindau-Allee 11,75670,Erfurt,Hövel Bela,P0482,+49(0)0385 695579,tmielcarek@example.net,Ehepartner,2025-01-08,E-Mail,Dumm Frau lassen Zeit Spaß.,Angehöriger
A0201,Finke,Bekir,Hölzenbecherstraße 7,92842,Waldmünchen,Gierschner Filippo,P0975,(02231) 05927,paulo23@example.net,Enkel,2025-04-23,Besuch,Zimmer deshalb kein ziehen man dann.,Angehöriger
A0202,Lachmann,Andrei,Wilmsenplatz 84,52088,Stade,Reising Hilma,P0071,+49(0)7492 97517,etzoldhalina@example.net,Geschwister,2025-01-05,Telefon,Hund unser kaufen.,Angehöriger
A0203,Junken,Dittmar,Editha-Segebahn-Platz 97,43018,Säckingen,Sorgatz Sibilla,P0032,(01863) 75998,stahroswin@example.com,Kind,2025-01-11,Besuch,Heiß helfen fünf Haare Zimmer vor.,Angehöriger
A0204,Hande,Diethard,Weihmannstraße 3,42662,Dinkelsbühl,Hesse Kunibert,P0637,+49(0) 478519610,rschwital@example.com,Kind,2025-01-16,Besuch,Schwer so dein einige Herz Minute auf.,Angehöriger
A0205,Jacobi Jäckel,Marija,Nohlmansstr. 17,30024,Soltau,Neureuther Heinz-Gerd,P0485,(07146) 27301,aenne19@example.net,Geschwister,2025-02-19,Telefon,Mutter voll oft Land Schluss danach Licht.,Angehöriger
A0206,Bachmann,Christina,Fröhlichstr. 73,25725,Bamberg,Anders Gitta,P0971,+49(0)5650 44818,kriemhildschottin@example.org,Kind,2025-05-03,Videocall,Sitzen mein von tun schlafen gefährlich schlafen schlagen.,Angehöriger
A0207,Reinhardt,Drago,Fechnergasse 90,84576,Eberswalde,Reichmann Hedy,P0263,+49(0)3283 389888,lindauveli@example.org,Enkel,2025-01-05,Besuch,Werfen langsam Geld hart.,Angehöriger
A0208,Margraf,Margot,Gerlachweg 78,01322,Hechingen,Bonbach Ullrich,P0622,+49 (0) 3216 110760,ekkehartbeckmann@example.net,Geschwister,2025-03-18,Telefon,Kurz weit auf gefährlich.,Angehöriger
A0209,Wende,Albrecht,Lieschen-Ebert-Weg 100,93250,Dinslaken,Heinz Alessandro,P0839,+49(0)9552 89389,dippelmaria-theresia@example.net,Kind,2025-05-03,Brief,Etwas Eis fährt Weihnachten Maus Zeitung Brief.,Angehöriger
A0210,Pärtzelt,Heinz,Kobeltweg 14,71256,Fulda,Bohlander Bernhard,P0593,03615 17182,xwiek@example.net,Ehepartner,2025-02-05,Brief,Bild legen hier.,Angehöriger
A0211,Schinke,Urs,Striebitzallee 74,38646,Berlin,Biggen Cornelia,P0694,05207 167811,ricokuehnert@example.net,Freund,2025-04-02,Videocall,Sicher was drehen Hase.,Angehöriger
A0212,Kambs,Hans-Uwe,Diane-Kusch-Gasse 92,67499,Wurzen,Tlustek Petra,P0204,(06579) 67842,hdoerr@example.com,Ehepartner,2025-03-14,E-Mail,Oft dazu Brief bald Bein.,Angehöriger
A0213,Bauer,Halina,Ralph-Schleich-Allee 89,24991,Stendal,Cichorius Krista,P0851,07734 77848,mara88@example.org,Geschwister,2025-06-07,Besuch,Zwei wahr danach.,Angehöriger
A0214,Jopich,Tomasz,Margrafstraße 14,02842,Malchin,Hertrampf Hertha,P0714,+49 (0) 4671 978897,kroerricht@example.net,Enkel,2024-12-25,E-Mail,Legen Zeit nächste Haare Zimmer.,Angehöriger
A0215,Bolander,Marian,Daniela-Bien-Platz 16,59056,Mainburg,Jopich Jörg-Peter,P0816,05650333491,jaekelerdal@example.com,Nachbar,2025-01-15,Telefon,Gesund kochen vielleicht mögen Weihnachten freuen Schnee.,Angehöriger
A0216,Barkholz,Dagmar,Kostolzinstr. 45,59171,Husum,Binner Jose,P0546,08529 456371,kenanhettner@example.org,Freund,2025-02-07,Brief,Hund Familie sie Blume unter brauchen glauben.,Angehöriger
A0217,Rosenow,Cemil,Loosplatz 9,14846,Finsterwalde,Schacht Janett,P0519,0649878208,cilliortmann@example.org,Geschwister,2025-04-14,Brief,Freuen packen Teller verlieren weinen Wiese sehr.,Angehöriger
A0218,Preiß,Bruno,Ottokar-Misicher-Platz 2,24665,Siegen,Anders Maria,P0870,+49(0) 644249363,fischerhans-jochen@example.org,Freund,2025-01-28,Videocall,Kopf Monat Junge plötzlich arbeiten.,Angehöriger
A0219,Heydrich,Gisbert,Angelo-Heser-Ring 14,07001,Scheinfeld,Rohleder Attila,P0444,+49(0)1651 62319,preissgiovanna@example.net,Enkel,2025-06-06,Videocall,Flasche war fertig dann Tag gewinnen Nase.,Angehöriger
A0220,Weiß,Reinhardt,Sylvie-Löchel-Platz 91,12347,Greiz,Rosenow Vitus,P0157,(00785) 158673,radmila25@example.com,Freund,2025-04-24,Besuch,Am zehn nie unser rot.,Angehöriger
A0221,Bloch,Theda,Janus-Rohleder-Straße 94,51837,Amberg,Schäfer Heiner,P0535,0441343275,czobel@example.com,Geschwister,2025-05-22,Brief,Können ihn unser schön vorbei tragen treffen.,Angehöriger
A0222,Heß,Hildburg,Nikolai-Linke-Weg 79,70027,Ahaus,Fritsch Janett,P0828,0345911238,milkascheibe@example.net,Nachbar,2025-02-28,Videocall,Kennen von davon dumm nehmen gewinnen.,Angehöriger
A0223,Gumprich,Karl-Peter,Sebastiano-Koch-Platz 60,69300,Brandenburg,Bolander Herta,P0447,03420 696942,kochgustav@example.net,Geschwister,2025-01-05,E-Mail,Jung wer Klasse schaffen danach Schwester einmal.,Angehöriger
A0224,Zänker,Nelli,Hövelweg 35,62639,Günzburg,Drub Sophia,P0331,(03626) 20443,xhering@example.net,Kind,2025-04-19,Telefon,Bis kurz vom ziehen hoch es heute.,Angehöriger
A0225,Wähner,Sigmar,Briemergasse 36,05375,Altentreptow,Weinhage Ricarda,P0903,+49(0)8964 65280,johanngeisler@example.net,Freund,2025-03-15,Besuch,Wagen dauern gern mal den damit.,Angehöriger
A0226,Eckbauer,Baldur,Holtweg 97,64494,Marktheidenfeld,Bohlander Hans-Josef,P0476,+49 (0) 5728 703203,arminmoechlichen@example.com,Nachbar,2025-01-13,E-Mail,Junge öffnen wichtig auch halbe schwarz lassen.,Angehöriger
A0227,Dowerg,Aenne,Falk-Keudel-Gasse 86,42284,Roth,Mülichen Sabine,P0389,+49(0)8926137150,hannelore16@example.com,Enkel,2025-04-02,Telefon,Und dick Bild Tür.,Angehöriger
A0228,Naser,Gertraut,Schottinring 64,50975,Freudenstadt,Plath Kai-Uwe,P0872,+49(0)4501896164,ilhanwinkler@example.com,Enkel,2024-12-31,Besuch,Dorf spät fünf sitzen reich.,Angehöriger
A0229,Huhn,Ernst-Otto,Löwerweg 63,92515,Neustadtner Waldnaab,Stiffel Jan,P0218,06749 961659,sylvesterschuchhardt@example.com,Enkel,2025-01-01,Brief,Glücklich Kopf fallen schlafen die Lehrer ohne.,Angehöriger
A0230,Carsten,Anneke,Mosemannstraße 44,74224,Parsberg,Liebelt Marita,P0287,0490810818,glehmann@example.com,Nachbar,2025-04-14,Brief,Tier halbe Nase sonst also sicher kommen.,Angehöriger
A0231,Gnatz,Lilli,Biengasse 72,45977,Hünfeld,Bender Pamela,P0011,+49 (0) 3219 416800,adrub@example.org,Nachbar,2025-04-14,Besuch,Schlimm voll Zahl nicht laufen nämlich Zeitung.,Angehöriger
A0232,Stumpf,Oswald,Jacobi Jäckelgasse 11,20310,Auerbach,Wagner Heiko,P0248,+49(0) 723683147,willfriedloechel@example.org,Geschwister,2025-01-05,Videocall,Sich Katze lassen alt.,Angehöriger
A0233,Sauer,Tomas,Hans-Wolfgang-Hornig-Weg 63,05016,Norden,Krein Annegret,P0569,(09840) 767899,theinrich@example.org,Kind,2025-03-21,Videocall,Nach Minute freuen Polizei warten damit.,Angehöriger
A0234,Seidel,Elzbieta,Meisterweg 83,02437,Mayen,Wulf Francis,P0729,+49(0) 839597246,psteinberg@example.net,Freund,2025-02-18,Videocall,Stunde unter oben führen sind rund das.,Angehöriger
A0235,Franke,Hans-Walter,Ditschlerinallee 3,74338,Arnstadt,Eimer Henryk,P0096,04522801561,erolroerricht@example.org,Enkel,2025-03-14,Besuch,Stadt Spaß Spaß mit Wasser verlieren.,Angehöriger
A0236,Pieper,Patricia,Ilonka-Binner-Straße 52,11991,Ochsenfurt,Pruschke Piotr,P0709,+49(0)2135 247871,friedaknappe@example.com,Kind,2025-05-13,Brief,Vergessen kalt ihr sonst.,Angehöriger
A0237,Mühle,Isidor,Hörlestr. 85,14565,Duderstadt,Gotthard Waldtraut,P0596,06326 66785,margraffritz@example.org,Enkel,2025-04-25,Videocall,Wirklich bin gerade Zug dort bei Sohn.,Angehöriger
A0238,Segebahn,Gertrude,Samira-Ruppert-Gasse 71,66845,Amberg,Anders Horst,P0544,+49(0)8926 73899,wthanel@example.net,Enkel,2025-02-27,Videocall,Wahr bin Maus Himmel Schüler.,Angehöriger
A0239,Eberth,Radmila,Hamanngasse 96,85200,Gießen,Johann Ingrid,P0564,+49(0)6810 54851,werneckegabriele@example.org,Enkel,2025-03-07,Brief,Setzen Kind zum Tag zusammen Mutter waschen.,Angehöriger
A0240,Stadelmann,Erna,Niklas-Jacob-Ring 90,68315,Kamenz,Eimer Eveline,P0465,01266 110627,tilobuchholz@example.com,Enkel,2025-04-17,Brief,Natürlich Loch hinter fressen Lehrerin ins.,Angehöriger
A0241,Stroh,Theodoros,Wagenknechtstraße 33,28277,Vilsbiburg,Winkler Wiltrud,P0237,08137 70285,schleichmonica@example.com,Ehepartner,2025-01-04,Besuch,Möglich auch dick heißen zwei gegen.,Angehöriger
A0242,Baum,Zeljko,Friedhelm-Ziegert-Weg 41,04432,Ahaus,Nette Brit,P0123,+49(0)8510 679497,liesa67@example.net,Geschwister,2025-05-16,E-Mail,Sommer lernen kochen kennen.,Angehöriger
A0243,Fischer,Tom,Cichoriusallee 98,63658,Stuttgart,Seifert Bruni,P0707,04120 948181,valerischoenland@example.net,Kind,2025-03-30,Besuch,Wohnung los singen.,Angehöriger
A0244,Bähr,Alma,Gertraud-Reichmann-Platz 28,43397,Pfaffenhofen an der Ilm,Lehmann Rudolf,P0757,(05690) 705626,raedelmanfred@example.com,Freund,2025-01-31,Brief,Zu mehr fünf ein.,Angehöriger
A0245,Cichorius,Kristina,Leonhard-Ladeck-Allee 93,09520,Hammelburg,Löffler Edwin,P0604,0152654610,igorweller@example.net,Nachbar,2025-04-01,E-Mail,Letzte lernen wo Freund Geschenk Minute beim.,Angehöriger
A0246,Ladeck,Angelo,Sigrun-Bähr-Ring 37,38249,Mellrichstadt,Jacobi Jäckel Alberto,P0103,+49(0)8325 823868,aberger@example.com,Kind,2025-06-08,Brief,Gab Zeit ab Wiese las neu uns Herr.,Angehöriger
A0247,Schüler,Nikola,Cornelia-Pergande-Ring 30,28914,Lemgo,Heß Hans-Erich,P0370,+49(0)2846 398554,pheydrich@example.net,Kind,2025-06-12,Brief,Erzählen wollen gewinnen Welt davon werden.,Angehöriger
A0248,Mülichen,Ehrentraud,Sabine-Anders-Allee 2,68768,Stadtroda,Reuter Danica,P0726,(01807) 15695,xgierschner@example.net,Nachbar,2025-06-13,Besuch,Kommen will Katze Fahrrad.,Angehöriger
A0249,Werner,Alois,Stiffelweg 36,31943,Niesky,Drubin Canan,P0047,00479303614,jgeissler@example.org,Ehepartner,2025-04-14,E-Mail,Sagen nicht dunkel natürlich sieht darin Wiese.,Angehöriger
A0250,Heidrich,Nadeshda,Gröttnerallee 38,89487,Main-Höchst,Stumpf Woldemar,P0715,(00566) 41877,anna-lena03@example.org,Kind,2025-02-03,Videocall,Mama gern hin Glas wahr Tante.,Angehöriger
A0251,Hecker,Jessica,Bruderplatz 14,25411,Neubrandenburg,Schaaf Gunar,P0894,0095431735,kadeannamaria@example.org,Ehepartner,2025-06-05,E-Mail,Ob Sonne offen Nacht bis Baum Apfel genau.,Angehöriger
A0252,Täsche,Minna,Lieschen-Eckbauer-Gasse 37,04961,Säckingen,Walter Siegrid,P0481,+49(0)8046619639,metzrandolf@example.com,Freund,2025-05-09,Videocall,Nämlich Glück Winter später Klasse gewinnen Eis Brot.,Angehöriger
A0253,Trüb,Diane,Delia-Zobel-Platz 44,84567,Erding,Kobelt Fernando,P0189,+49(0) 200249685,corina82@example.org,Ehepartner,2025-03-10,Brief,Glücklich Haus Affe nass scheinen Bauer letzte um.,Angehöriger
A0254,Bloch,Natali,Kaulplatz 62,31537,Saulgau,Naser Mehdi,P0117,09959465217,oderwaldheinz-peter@example.org,Ehepartner,2025-04-10,Videocall,Krank essen langsam sonst Tisch.,Angehöriger
A0255,Warmer,Malgorzata,Haeringstraße 63,05015,Rathenow,Geisler Augusta,P0076,+49(0)2473 950033,halil34@example.net,Nachbar,2025-01-15,Telefon,Finden Ende durch frei bringen Tür dein.,Angehöriger
A0256,Zirme,Gerda,Mike-Häring-Ring 20,35528,Waren,Börner Liselotte,P0153,+49(0)1223 386559,pschuster@example.org,Nachbar,2025-05-03,Brief,Einigen Mann steigen gewinnen Ball stellen von verkaufen.,Angehöriger
A0257,Sauer,Wendelin,Häringweg 11,79128,Wolmirstedt,Hering Leonore,P0255,(08578) 72558,ftrubin@example.com,Ehepartner,2025-02-02,E-Mail,Packen steigen Rad erst waschen Kind.,Angehöriger
A0258,Kroker,Horst-Günter,Leonard-Löffler-Straße 98,54812,Hamburg,Wieloch Eberhard,P0427,08539 078956,bmosemann@example.com,Nachbar,2025-02-20,E-Mail,Gern Herz eigentlich Fenster plötzlich Hand Bild.,Angehöriger
A0259,Otto,Mercedes,Lilija-Hofmann-Platz 80,11508,Holzminden,Tröst Margrit,P0232,+49(0) 544439284,winklerkrzysztof@example.com,Nachbar,2025-05-14,Videocall,Wissen traurig Sohn allein reich zusammen.,Angehöriger
A0260,Fischer,Ursula,Heidrichplatz 58,73898,Werdau,Wilms Marijan,P0931,05153 663778,koesterfredi@example.net,Freund,2025-05-23,Brief,Wirklich Affe Teller Uhr Glück.,Angehöriger
A0261,Löffler,Siegbert,Wiekallee 76,59090,Döbeln,Pölitz Inka,P0440,09999663618,egraf@example.org,Enkel,2025-02-13,E-Mail,Packen gehen drei schauen dürfen tun nicht.,Angehöriger
A0262,Gotthard,Andrew,Christof-Krause-Ring 80,34817,Kelheim,Seifert Theodora,P0062,00256 62128,vmueller@example.org,Nachbar,2025-02-24,Telefon,Das erschrecken jetzt schwarz lachen.,Angehöriger
A0263,Ruppert,Dörte,Schaafplatz 98,43027,Lippstadt,Eckbauer Amalia,P0213,(03859) 777901,freya75@example.net,Geschwister,2025-05-18,Besuch,Hin treffen vergessen ihr eigentlich.,Angehöriger
A0264,Wagner,Ellen,Mielcarekstraße 34,91603,Gunzenhausen,Lindner Sylke,P0677,(08413) 76815,wendeegon@example.net,Ehepartner,2025-05-04,Besuch,Ich dort erst Auge anfangen packen.,Angehöriger
A0265,Weiß,Gusti,Kranzring 31,36004,Wanzleben,Heß Thies,P0178,+49 (0) 5777 118372,kholsten@example.org,Nachbar,2025-05-17,Telefon,Brief Garten Mann hin besser Sonne scheinen dick.,Angehöriger
A0266,Gieß,Orhan,Inna-Beer-Allee 21,70816,Melle,Hiller Raik,P0003,+49(0)9006335331,linkeandre@example.org,Freund,2025-02-14,Videocall,Schenken beide wollen brauchen um.,Angehöriger
A0267,Geisel,Giovanna,Baldur-Liebelt-Weg 89,55839,Potsdam,Kühnert Albertine,P0609,0613315520,usoeding@example.org,Freund,2025-02-24,Brief,Fahren rennen Fußball oder Auge war ihm.,Angehöriger
A0268,Scheuermann,Kristiane,Dobesweg 5,41956,Holzminden,Eimer Mattias,P0238,+49 (0) 5715 099768,almuthschaaf@example.net,Enkel,2025-06-13,Brief,Am Sohn daran Ferien Jahr.,Angehöriger
A0269,Scholl,Ingmar,Bruno-Etzler-Ring 90,43263,Germersheim,Anders Wigbert,P0881,(07524) 508640,milkawagner@example.com,Freund,2025-02-15,Telefon,Meer weinen ruhig Finger schlagen.,Angehöriger
A0270,Hartung,Irmgard,Pölitzring 88,70171,Badoberan,Jacob Semra,P0240,(02321) 29833,loosisabelle@example.com,Enkel,2025-02-09,E-Mail,Finden durch Fisch fünf kein.,Angehöriger
A0271,Gutknecht,Evi,Zänkerstraße 85,56627,Lüneburg,Bärer Fredy,P0824,09627 06614,birgittvogt@example.org,Kind,2025-01-31,Videocall,Gehören führen Musik langsam ging schwimmen Ende.,Angehöriger
A0272,Grein Groth,Silvia,Aleksej-Otto-Allee 15,76665,Neustadtner Waldnaab,Wieloch Friedhold,P0558,+49(0)9160 16923,xhermighausen@example.net,Kind,2025-02-16,Besuch,Onkel Haus Bauer hier ins Finger lange.,Angehöriger
A0273,Klotz,Sonja,Hertha-Stadelmann-Allee 35,49724,Scheinfeld,Kruschwitz Irina,P0847,(02011) 669183,bgehringer@example.com,Kind,2025-04-20,Telefon,Zehn rennen heute gelb ihm vorbei sehr.,Angehöriger
A0274,Dörr,Dietmar,Fechnerring 8,64027,Bruchsal,Bachmann Gino,P0170,+49(0)6864 622522,zenongnatz@example.net,Enkel,2025-06-06,E-Mail,Mädchen es er singen Teller Eis zum.,Angehöriger
A0275,Lange,Oxana,Schomberstr. 96,21416,Göppingen,Budig Andrej,P0845,+49(0)5093 771004,stadelmannconstanze@example.org,Nachbar,2025-01-01,Brief,Stein her Loch Wort Freude laufen sofort.,Angehöriger
A0276,Lorch,Dörthe,Koch IIweg 57,53566,Jüterbog,Kobelt Mohamed,P0128,01076209184,paulmentzel@example.net,Freund,2025-04-19,Brief,Liegen richtig Abend packen wird Gesicht Onkel.,Angehöriger
A0277,Bien,Pascale,Stiebitzstraße 90,97691,Mainburg,Freudenberger Silvana,P0413,01649 328980,alenachristoph@example.com,Enkel,2025-05-16,E-Mail,Zurück krank Wasser wohnen las mehr fiel.,Angehöriger
A0278,Weller,Götz,Ehrenfried-Lübs-Allee 70,25643,Stollberg,Neuschäfer Veli,P0506,01287 153991,pietro68@example.com,Freund,2025-05-11,Telefon,Frau ganz da Glück nehmen.,Angehöriger
A0279,Weinhage,Hans-Heinrich,Christa-Maria-Koch-Platz 77,69040,Kyritz,Mangold Irmingard,P0041,0552899316,rennermonica@example.com,Freund,2025-02-10,Brief,Und leicht klein neun denn.,Angehöriger
A0280,Tintzmann,Gisela,Dorina-Juncken-Ring 78,49737,Vilsbiburg,Seifert Suse,P0257,0052330276,margarita20@example.net,Ehepartner,2025-02-24,Telefon,Scheinen zwei Sohn hin machen führen.,Angehöriger
A0281,Gude,Hermine,Dietzplatz 30,90472,Meißen,Wagner Gunther,P0985,04233 305912,rloos@example.org,Geschwister,2025-06-02,E-Mail,Halbe lachen wissen damit.,Angehöriger
A0282,Seip,Anke,Scheelstraße 76,63013,Neustadtner Waldnaab,Vollbrecht Hans-Theo,P0974,+49(0)9261 76475,dussen-vaneric@example.org,Ehepartner,2025-01-06,Brief,Familie nass zurück langsam Schluss Boden nehmen.,Angehöriger
A0283,Nette,Randolf,Huhnstr. 74,15182,Viechtach,Mälzer Gaetano,P0042,+49(0)6888718981,wallysorgatz@example.org,Kind,2025-01-17,Videocall,Schnee aber kaufen gerade Arzt müssen rechnen blau.,Angehöriger
A0284,Weller,Jerzy,Denny-Ebert-Weg 67,58260,Hannover,Löchel Tassilo,P0668,+49(0)8487297585,heiderosedippel@example.net,Freund,2025-05-14,Brief,Arbeiten den verstehen Essen dazu.,Angehöriger
A0285,Hande,Birgid,Holstenplatz 24,18446,Lippstadt,Wende Jorge,P0600,01462 831435,siegfriedfliegner@example.com,Freund,2025-06-14,Videocall,Herr wünschen Finger Freund Mama Schiff.,Angehöriger
A0286,Bolzmann,Rudolph,Schwitalgasse 12,54234,Burg,Hövel Bela,P0482,0361128497,raedelnicolas@example.net,Enkel,2025-03-29,Videocall,Milch nie Wasser drei wissen.,Angehöriger
A0287,Girschner,Reinhard,Weihmannweg 43,79240,Staßfurt,Weinhold Evi,P0329,+49 (0) 2694 053967,theoklapp@example.com,Geschwister,2025-03-16,Telefon,Woche Loch Schüler werfen fangen.,Angehöriger
A0288,Christoph,Evi,Ladeckallee 21,11131,Rockenhausen,Kuhl Edda,P0338,+49(0)1487068277,lachmannalex@example.net,Freund,2025-01-18,Videocall,Schwimmen schreien singen.,Angehöriger
A0289,Warmer,Ingolf,Edit-Meister-Platz 37,21528,Badoberan,Sager Karina,P0679,0762515381,kristian74@example.com,Freund,2025-01-22,E-Mail,Mögen etwas gehen Wiese Pferd trinken Arbeit kommen.,Angehöriger
A0290,Neuschäfer,Ellen,Nurettin-Albers-Weg 5,54510,Werdau,Koch II Remo,P0466,+49 (0) 6501 673188,salvatoreebert@example.com,Ehepartner,2024-12-16,Brief,Familie hinter Geburtstag Jahr ein.,Angehöriger
A0291,Heuser,Maren,Theo-Sontag-Straße 33,25605,Calau,Benthin Kunibert,P0332,+49(0) 402665023,rstadelmann@example.org,Ehepartner,2025-03-02,Videocall,Lehrer schicken darin singen spät holen sehr.,Angehöriger
A0292,Krebs,Jolanthe,Emanuel-Dörr-Gasse 66,25803,Sömmerda,Budig Andrej,P0845,06906744716,ellafliegner@example.net,Ehepartner,2025-03-18,E-Mail,Fährt dafür fressen schreiben ruhig.,Angehöriger
A0293,Gumprich,Stavros,Trappallee 60,89239,Geldern,Ullmann Hansjoachim,P0424,+49(0)2604 326093,birnbaumraimund@example.com,Ehepartner,2025-03-21,Besuch,Fahrrad ja bei ja bald.,Angehöriger
A0294,Heuser,Emil,Holtring 67,35020,Badoberan,Förster Hedda,P0371,(05347) 49162,tuelay75@example.com,Nachbar,2025-02-08,Videocall,Sache Schiff Spaß dauern.,Angehöriger
A0295,Weihmann,Oswald,Weimerallee 81,34396,Büsingen am Hochrhein,Meyer Kirstin,P0453,+49 (0) 9109 337118,ladislaus73@example.net,Ehepartner,2025-04-25,Besuch,Darin immer schwer.,Angehöriger
A0296,Werner,Rosa-Maria,Kobeltstraße 35,61768,Eggenfelden,Hecker Antonia,P0563,(04240) 903678,gehringertassilo@example.net,Kind,2025-02-23,Brief,Hund fröhlich einfach doch etwas schnell.,Angehöriger
A0297,Zobel,Rabea,Paffrathweg 57,43448,Eilenburg,Blümel Othmar,P0902,+49(0) 083402424,segebahnjacek@example.org,Geschwister,2025-03-22,Videocall,Polizei Oma Zeit.,Angehöriger
A0298,Carsten,Marten,Ullmannplatz 16,94500,Füssen,Dietz Erhardt,P0030,+49(0)2408 91649,margittamargraf@example.org,Geschwister,2025-02-12,E-Mail,Nah Tante sitzen die fehlen.,Angehöriger
A0299,Lübs,Ivanka,Finkestraße 31,72722,Ribnitz-Damgarten,Barth Daniela,P0727,02404 226931,claudioloos@example.org,Kind,2025-03-08,Brief,Brief machen sehr Tante nicht heraus.,Angehöriger
A0300,Dörschner,Alwin,Konstanze-Seifert-Gasse 71,31429,Amberg,Krebs Sieghard,P0015,+49(0)8513 279724,woldemar23@example.org,Nachbar,2025-03-24,Videocall,Oft daran trinken Brot geben.,Angehöriger
