Datum,Uhrzeit,Von_ID,Von_Vorname,Von_Nachname,An_ID,An_Vorname,An_Nachname,Nachricht
2025-06-18,06:30:24,M0092,Burghard,Roht,M0006,Udo,Adler,Schlafen lieb früher den frei Papa über.
2025-06-05,22:04:45,M0018,Romuald,Textor,M0006,Udo,Adler,Fliegen hart ließ Tür schwarz.
2025-06-29,14:38:08,M0039,Alexandros,Ullmann,M0006,Udo,Adler,Und Ding darin Stelle überall Ding.
2025-06-16,18:44:46,M0022,Vladimir,Liebelt,M0011,Heinz-Joachim,Bohlander,Geburtstag Lehrer deshalb davon offen Kopf Auge.
2025-06-20,19:56:09,M0045,Erhardt,Dietz,M0011,Heinz-Joachim,Bohlander,Glück beide gelb gab Zahl wenn bringen See.
2025-07-01,12:58:05,M0052,Christof,Faust,M0011,Heinz-Joachim,Bohlander,Kaufen Platz weit davon Vogel Eltern einmal wissen mehr vergessen gibt Essen.
2025-06-19,23:53:35,M0005,Roderich,Klotz,M0012,Gerta,Säuberlich,Beim Oma lange spielen Wohnung Ball dein ein.
2025-06-09,11:27:10,M0017,Murat,Vollbrecht,M0012,Gerta,Säuberlich,Springen wird erzählen genau schlafen.
2025-06-11,22:24:41,M0038,Sybilla,Jungfer,M0012,Gerta,Säuberlich,Pferd rechnen nein so schlecht jetzt voll Geld ihm Geschenk weit.
2025-06-14,23:56:04,M0018,Romuald,Textor,M0015,Leszek,Knappe,Blume Brot erst die traurig Papa Flasche Zeitung.
2025-06-16,14:46:46,M0082,Kai-Uwe,Hövel,M0015,Leszek,Knappe,Schicken arbeiten Milch setzen dort fast weg los Schüler.
2025-07-04,08:21:58,M0095,Walter,Wesack,M0015,Leszek,Knappe,Dorf krank Junge zur Leben los stellen Leben vom rufen.
2025-06-07,20:09:46,M0001,Felicitas,Dowerg,M0023,Grazyna,Stiebitz,Werden Glas singen grün Stück Mädchen Arbeit krank.
2025-06-28,14:56:26,M0056,Ercan,Radisch,M0023,Grazyna,Stiebitz,Gleich steigen wollen tragen an Hilfe Schnee Ende.
2025-06-07,14:41:21,M0041,Alena,Säuberlich,M0023,Grazyna,Stiebitz,Beißen fangen dein weiß darauf reiten vergessen letzte.
2025-06-17,09:50:59,M0081,Wojciech,Putz,M0033,Marija,Faust,Hinein ganz Woche wünschen an Meer damit unten.
2025-07-04,02:41:32,M0023,Grazyna,Stiebitz,M0033,Marija,Faust,Ja bauen darin so vorbei Fuß vier Wort damit Welt Bauer Jahr Herr gestern Loch.
2025-06-28,00:26:03,M0019,Angelica,Mühle,M0033,Marija,Faust,Wetter Schüler setzen Stein besser her Straße über dem.
2025-06-13,02:44:17,M0035,Traude,Kühnert,M0034,Mary,Ruppert,Springen Wiese Fahrrad unser Zeitung ließ.
2025-06-10,00:06:23,M0051,Helmut,Dörr,M0034,Mary,Ruppert,Dir Bein ab Vater man öffnen trinken früher etwas Berg.
2025-07-01,05:40:04,M0027,Mariusz,Henschel,M0034,Mary,Ruppert,Nun bauen schenken gab mögen immer.
2025-06-07,01:26:12,M0075,Gino,Mans,M0042,Oscar,Ruppert,Fahrrad Zeit ganz See vielleicht.
2025-07-04,20:48:01,M0095,Walter,Wesack,M0042,Oscar,Ruppert,Fast vom zu viel Fahrrad Herz gehören traurig Küche wir Stelle.
2025-06-09,21:20:58,M0037,Bianca,Fiebig,M0042,Oscar,Ruppert,Minutenmir baden etwas dein schlecht.
2025-06-13,09:41:47,M0083,Cynthia,Henck,M0048,Traudel,Schmiedecke,Das Wissen als draußen bekommen für grün den dürfen Tante darin.
2025-06-22,07:42:38,M0100,Katalin,Trub,M0048,Traudel,Schmiedecke,Dem Opa lieb vom treffen Ding lachen Haare Stück.
2025-06-26,06:10:00,M0037,Bianca,Fiebig,M0048,Traudel,Schmiedecke,Bleiben Zahl Hase Minutenmir Straße trinken rennen Arzt.
2025-06-19,00:31:01,M0038,Sybilla,Jungfer,M0051,Helmut,Dörr,Kam sechs lassen.
2025-06-09,22:54:23,M0009,Dusan,Sorgatz,M0051,Helmut,Dörr,Vor die uns vom Affe Wasser heute Feuer vielleicht mein.
2025-06-20,13:29:15,M0096,Theresia,Stolze,M0051,Helmut,Dörr,Nichts sitzen schlecht gut brauchen Stadt gern.
2025-06-17,07:54:08,M0079,Gotthilf,Kreusel,M0052,Christof,Faust,Brauchen Wort jeder brauchen leben.
2025-06-26,18:33:40,M0024,Karl-Hans,Weller,M0052,Christof,Faust,Wird klein vorbei war schlecht auf tief von.
2025-06-24,10:35:39,M0033,Marija,Faust,M0052,Christof,Faust,Leute Fuß holen Hand spät dich rund später Winter Mensch dich dabei um.
2025-07-01,05:34:12,M0049,Udo,Pärtzelt,M0056,Ercan,Radisch,Name erschrecken traurig bin darauf acht sonst wenig gleich bleiben.
2025-06-12,14:01:05,M0067,Lissi,Gute,M0056,Ercan,Radisch,Dich gehören Sonntag gleich Winter ohne heute Fisch Fisch jeder.
2025-06-21,22:24:14,M0044,Apollonia,Ebert,M0056,Ercan,Radisch,Lassen stark geben.
2025-06-21,17:13:45,M0083,Cynthia,Henck,M0057,Cetin,Möchlichen,Kam über Geburtstag Freude ohne neben immer um denken fallen schenken Mann beißen davon immer.
2025-06-06,09:36:16,M0064,Herma,Etzold,M0057,Cetin,Möchlichen,Apfel acht Maus ging Brot ob leicht schon.
2025-06-14,17:28:42,M0075,Gino,Mans,M0057,Cetin,Möchlichen,Teller oben Zug baden einigen braun jeder stehen mein.
2025-07-04,10:37:50,M0021,Tomasz,Heser,M0059,Reimer,Lange,Springen frei früher Polizei wohl.
2025-06-08,00:56:08,M0096,Theresia,Stolze,M0059,Reimer,Lange,Laufen letzte Oma unten kommen heute erst sind steigen.
2025-06-19,12:03:11,M0081,Wojciech,Putz,M0059,Reimer,Lange,Wissen einige Ende Kind fragen Musik unter.
2025-06-17,15:14:47,M0055,Klaas,Drewes,M0063,Jörn,Mende,Steigen steigen sehen schreien darauf ab vergessen Zug draußen.
2025-06-26,12:28:43,M0093,Brit,Radisch,M0063,Jörn,Mende,Tun acht Nacht oben nein.
2025-07-02,22:25:25,M0076,Klaus Dieter,Kraus,M0063,Jörn,Mende,Dazu Spaß neu spielen Garten sie.
2025-06-29,16:51:44,M0091,Antonios,Matthäi,M0065,Alexej,Schüler,Glauben bleiben nächste natürlich Boden helfen nass.
2025-06-15,18:28:41,M0004,Stephanie,Schwital,M0065,Alexej,Schüler,Schenken laut grün doch zum.
2025-06-18,18:03:04,M0039,Alexandros,Ullmann,M0065,Alexej,Schüler,Danach schauen kalt Schnee holen Lehrer scheinen.
2025-06-11,16:46:08,M0097,Cetin,Trommler,M0066,Aziz,Schuster,Er Schnee jeder Bett Onkel gibt ob.
2025-06-07,06:09:19,M0070,Peer,Martin,M0066,Aziz,Schuster,Schuh glücklich schreiben Schwester Glas klettern andere.
2025-06-15,21:16:38,M0040,Kirsten,Schulz,M0066,Aziz,Schuster,Auto gehen Berg wissen sechs wünschen gibt.
2025-06-21,06:33:07,M0051,Helmut,Dörr,M0089,Claus,Bien,Dumm Geburtstag Leute Papa bekommen fehlen nehmen Tante bringen Feuer werden.
2025-06-29,15:56:34,M0075,Gino,Mans,M0089,Claus,Bien,Sieht Loch gab deshalb Frau fressen brauchen also vom dir drehen Junge richtig gar.
2025-07-02,16:45:32,M0047,Karl-Friedrich,Fiebig,M0089,Claus,Bien,Welt groß dich Freude packen sieht.
2025-06-08,01:02:04,M0052,Christof,Faust,M0091,Antonios,Matthäi,Fragen Wohnung Buch will jeder mein.
2025-06-23,01:24:43,M0086,Ramon,Heinz,M0091,Antonios,Matthäi,Tief Bett fertig Lehrerin dick noch Bauer vier Abend Tür erzählen ihm schwer.
2025-06-25,14:39:53,M0059,Reimer,Lange,M0091,Antonios,Matthäi,Trinken führen genau ihn dort fliegen klein.
2025-07-02,15:41:55,M0100,Katalin,Trub,M0093,Brit,Radisch,Freuen waschen heute beißen hängen sitzen rechnen dir zeigen darin Zug schon.
2025-06-20,20:56:55,M0073,Anna-Maria,Fliegner,M0093,Brit,Radisch,Zeitung halten vor Brief was fragen draußen an richtig gar nein etwas.
2025-06-15,06:24:41,M0038,Sybilla,Jungfer,M0093,Brit,Radisch,Wiese Bett einigen verstehen reich müde Polizei Sonne heißen bekommen scheinen.
2025-06-14,04:15:01,M0079,Gotthilf,Kreusel,M0097,Cetin,Trommler,Stadt liegen Sonntag weiß denn um heraus hoch alt Mutter.
2025-06-25,07:32:01,M0028,Rudolf,Niemeier,M0097,Cetin,Trommler,Legen bauen nächste arbeiten Lehrer hängen.
2025-07-05,11:57:43,M0008,Dagmar,Röhrdanz,M0097,Cetin,Trommler,Arbeit weit fliegen haben.
2025-07-02,17:39:23,M0015,Leszek,Knappe,M0002,Mara,Albers,Scheinen genau schlafen Mensch und unser Luft später Spaß gewinnen Woche nicht Dorf Monate.
2025-06-06,09:22:43,M0048,Traudel,Schmiedecke,M0002,Mara,Albers,Früh machen sagen fast liegen verkaufen.
2025-07-02,00:59:54,M0088,Gregor,Junken,M0002,Mara,Albers,Bekommen vor gibt Tier bauen leicht.
2025-06-23,03:13:09,M0031,Türkan,Jähn,M0013,Rabea,Henschel,Zimmer treffen Jahr Vogel bin Fuß daran.
2025-06-23,22:07:05,M0007,Trude,Budig,M0013,Rabea,Henschel,Dorf einfach Wiese Ende tief nur fast Weihnachten legen auf fallen.
2025-06-26,04:51:15,M0015,Leszek,Knappe,M0013,Rabea,Henschel,Kurz Geschichte um also lesen Weihnachten laufen nah erzählen fertig mögen Straße Stein.
2025-06-16,12:45:02,M0049,Udo,Pärtzelt,M0016,Hans-Walter,Mies,Unten verstehen dann schaffen laut noch gerade im mich Apfel vom schwimmen natürlich.
2025-06-24,03:26:53,M0043,Ottomar,Wagenknecht,M0016,Hans-Walter,Mies,Erschrecken Leben fertig Freund den wie Pferd.
2025-06-20,14:05:56,M0094,Valeska,Austermühle,M0016,Hans-Walter,Mies,Eis Himmel der fröhlich Bauer weit neben ab dauern.
2025-06-13,23:24:25,M0032,Gerwin,Henck,M0018,Romuald,Textor,Geschichte leise rennen trinken und fragen.
2025-06-10,18:31:52,M0028,Rudolf,Niemeier,M0018,Romuald,Textor,Sache Leute glauben braun Fußball wer rot gab kennen Sonntag brauchen.
2025-06-11,23:26:06,M0007,Trude,Budig,M0018,Romuald,Textor,Herz turnen heiß hängen schon.
2025-06-30,09:47:18,M0098,Annekatrin,Fischer,M0021,Tomasz,Heser,Nah Seite Zahl hinein.
2025-06-21,01:46:54,M0095,Walter,Wesack,M0021,Tomasz,Heser,Dabei Schule holen fest gesund jetzt dort Apfel lieb.
2025-06-20,22:00:29,M0029,Jan-Peter,Heinrich,M0021,Tomasz,Heser,Fährt plötzlich Gott.
2025-06-11,13:36:24,M0078,Marieluise,Scholz,M0022,Vladimir,Liebelt,Mensch Freund denken in.
2025-06-17,06:34:04,M0026,Nick,Reichmann,M0022,Vladimir,Liebelt,Rad Junge Geschenk stehen liegen Geburtstag nur.
2025-06-20,14:48:08,M0049,Udo,Pärtzelt,M0022,Vladimir,Liebelt,Mich leise Wiese mich nah an Abend langsam offen.
2025-07-03,14:36:49,M0024,Karl-Hans,Weller,M0026,Nick,Reichmann,Warten Schiff Boden lustig hören als.
2025-06-23,05:15:29,M0078,Marieluise,Scholz,M0026,Nick,Reichmann,Bis Haus kommen darin lassen Schüler nächste hart Leben gegen Küche.
2025-06-19,21:39:00,M0011,Heinz-Joachim,Bohlander,M0026,Nick,Reichmann,Oder wer helfen gut viel Straße schlagen.
2025-06-20,17:43:37,M0072,Magarete,Rohleder,M0027,Mariusz,Henschel,Sie hin stehen durch setzen unter.
2025-06-11,19:33:20,M0002,Mara,Albers,M0027,Mariusz,Henschel,Zwei Buch gar sieben tief blau fehlen Sache.
2025-06-08,10:09:18,M0017,Murat,Vollbrecht,M0027,Mariusz,Henschel,Öffnen sind schauen wird.
2025-06-28,07:32:41,M0097,Cetin,Trommler,M0031,Türkan,Jähn,Jahr finden oft schenken Tür heißen weinen Bild müde fliegen.
2025-06-08,23:37:50,M0027,Mariusz,Henschel,M0031,Türkan,Jähn,Mein ich ziehen gelb glauben Blume man sonst Maus sie wissen.
2025-07-04,04:48:47,M0087,Vanessa,Eimer,M0031,Türkan,Jähn,Spielen Welt doch hinter.
2025-06-23,11:35:29,M0065,Alexej,Schüler,M0035,Traude,Kühnert,Opa kein Fisch weit hier fliegen gerade auf ging schwarz rufen.
2025-06-18,04:44:26,M0071,Franz-Josef,Briemer,M0035,Traude,Kühnert,Kann sie führen Haare.
2025-06-17,17:19:27,M0057,Cetin,Möchlichen,M0035,Traude,Kühnert,Wünschen rennen voll alle gleich.
2025-06-24,07:24:58,M0022,Vladimir,Liebelt,M0036,Raisa,Thanel,Nächste von nein geben Frau kein also.
2025-06-06,05:27:22,M0007,Trude,Budig,M0036,Raisa,Thanel,Ruhig dumm ich gar.
2025-06-30,23:44:31,M0092,Burghard,Roht,M0036,Raisa,Thanel,Drehen nichts warten Ferien Essen über stark.
2025-06-12,22:07:17,M0039,Alexandros,Ullmann,M0038,Sybilla,Jungfer,Ließ uns über machen grün wirklich Hilfe.
2025-06-06,11:25:55,M0045,Erhardt,Dietz,M0038,Sybilla,Jungfer,Machen viel mehr weiter fressen wirklich Auge Himmel.
2025-06-25,03:59:06,M0025,Vittorio,Thies,M0038,Sybilla,Jungfer,Hat vielleicht ließ baden weil müde dauern lieb Auge Glas Familie.
2025-06-12,16:07:43,M0079,Gotthilf,Kreusel,M0043,Ottomar,Wagenknecht,Hier Brot überall dazu nah braun hier schicken laufen Nacht Leben müssen tot dir.
2025-07-05,03:06:50,M0055,Klaas,Drewes,M0043,Ottomar,Wagenknecht,Kam anfangen dauern gelb.
2025-06-26,23:13:37,M0040,Kirsten,Schulz,M0043,Ottomar,Wagenknecht,Den neun schwer lieb sich gehen kaufen mein.
2025-06-16,13:24:03,M0057,Cetin,Möchlichen,M0045,Erhardt,Dietz,Fünf ganz werden Berg später spielen mich führen den waschen gegen Licht Sonne wohnen vorbei.
2025-06-11,05:14:19,M0050,Dogan,Löwer,M0045,Erhardt,Dietz,Nämlich auf dein bringen erklären gehen früher dann.
2025-06-10,12:10:15,M0090,Annemie,Eckbauer,M0045,Erhardt,Dietz,Lachen das Land müde Himmel schenken heraus das brauchen draußen sieht oben.
2025-06-25,09:20:17,M0074,Irmi,Schleich,M0050,Dogan,Löwer,Geben vergessen Hase schlimm zehn Welt.
2025-06-26,01:02:24,M0046,Heide-Marie,Koch,M0050,Dogan,Löwer,Fünf schlafen Freund Stelle Licht genau.
2025-06-14,20:08:46,M0100,Katalin,Trub,M0050,Dogan,Löwer,Allein Hase schauen Lehrer Freund.
2025-06-07,06:57:25,M0002,Mara,Albers,M0053,Edit,Margraf,Tante Berg nie ihm nur ich Mutter Zimmer schlecht kommen.
2025-06-19,12:29:04,M0080,Annekatrin,Schuchhardt,M0053,Edit,Margraf,Brief Herr weiß richtig Herz Maus Berg.
2025-06-22,17:23:51,M0030,Kamil,Bien,M0053,Edit,Margraf,Neun leicht böse wieder Blume wirklich wollen lernen Schnee Name lachen.
2025-06-24,10:30:35,M0008,Dagmar,Röhrdanz,M0055,Klaas,Drewes,Fünf treffen was Frau stehen mögen seit.
2025-07-04,19:19:27,M0056,Ercan,Radisch,M0055,Klaas,Drewes,Schwer Tür nein helfen ein.
2025-06-06,16:54:17,M0046,Heide-Marie,Koch,M0055,Klaas,Drewes,Verstecken einfach einigen bald Glück sehen Familie Mensch dein hängen wieder dir.
2025-06-14,20:58:58,M0100,Katalin,Trub,M0067,Lissi,Gute,Apfel waschen und endlich Gott stark trinken.
2025-07-01,18:49:11,M0098,Annekatrin,Fischer,M0067,Lissi,Gute,Zur deshalb schwimmen nimmt kaufen fliegen schauen.
2025-07-05,00:09:23,M0002,Mara,Albers,M0067,Lissi,Gute,Danach hinter warum.
2025-06-10,17:06:33,M0094,Valeska,Austermühle,M0070,Peer,Martin,Allein Stein Vater sofort Angst allein nie halbe heraus.
2025-06-22,09:33:36,M0087,Vanessa,Eimer,M0070,Peer,Martin,Leise nehmen noch andere.
2025-06-25,19:29:53,M0062,Sara,Gude,M0070,Peer,Martin,Gefährlich Beispiel rufen um letzte liegen.
2025-06-27,22:07:35,M0074,Irmi,Schleich,M0071,Franz-Josef,Briemer,Hören was Mann ging sonst waschen Zug wahr groß Land nie schenken so wohnen.
2025-06-14,04:47:37,M0031,Türkan,Jähn,M0071,Franz-Josef,Briemer,Tür zu Woche fehlen steigen seit Wohnung noch gehen.
2025-06-22,00:08:56,M0010,Mandy,Rogner,M0071,Franz-Josef,Briemer,Um sein Tier Brief mögen arbeiten.
2025-06-18,15:07:27,M0097,Cetin,Trommler,M0072,Magarete,Rohleder,Lesen den kurz Rad verkaufen öffnen Opa heraus gesund Wagen öffnen.
2025-06-20,13:35:00,M0045,Erhardt,Dietz,M0072,Magarete,Rohleder,Erzählen einigen kurz wer baden schauen gerade.
2025-06-27,14:14:57,M0064,Herma,Etzold,M0072,Magarete,Rohleder,Vorbei nächste beißen Weihnachten hängen Loch Geschichte las bald.
2025-06-05,14:25:32,M0088,Gregor,Junken,M0075,Gino,Mans,Ich Stelle Sonntag Sache sieben weit erst.
2025-06-19,07:47:31,M0080,Annekatrin,Schuchhardt,M0075,Gino,Mans,Her Stein immer schlimm.
2025-06-22,06:35:49,M0066,Aziz,Schuster,M0075,Gino,Mans,Leise im kennen genau reich will Mann wenig.
2025-06-15,17:49:36,M0065,Alexej,Schüler,M0078,Marieluise,Scholz,Minute daran Polizei Buch Schnee.
2025-06-07,14:48:05,M0041,Alena,Säuberlich,M0078,Marieluise,Scholz,Zum daran fressen beim Hund Pferd.
2025-06-13,10:10:44,M0044,Apollonia,Ebert,M0078,Marieluise,Scholz,Packen müssen drei rot Stück sofort.
2025-06-25,01:58:12,M0054,Klaas,Junken,M0080,Annekatrin,Schuchhardt,Um am fragen wollen Dorf neu über verlieren schreiben drehen.
2025-06-08,19:53:15,M0057,Cetin,Möchlichen,M0080,Annekatrin,Schuchhardt,Gern seit dein Kind frei Frage.
2025-06-29,07:07:00,M0094,Valeska,Austermühle,M0080,Annekatrin,Schuchhardt,Wieder Luft schlafen an gesund ab tief gehören lieb später.
2025-06-27,08:15:48,M0014,Jan-Peter,Birnbaum,M0083,Cynthia,Henck,Zug mich schlafen was spielen und.
2025-06-19,13:02:38,M0026,Nick,Reichmann,M0083,Cynthia,Henck,Rufen schauen stark nein.
2025-06-22,16:11:27,M0021,Tomasz,Heser,M0083,Cynthia,Henck,Treffen dazu Leute fast wünschen Fenster Eltern Dorf Ding natürlich Abend.
2025-06-18,08:47:42,M0086,Ramon,Heinz,M0085,Jörn,Gröttner,Stunde Spiel sind Vater Zahl oben will essen Affe früher stark kein dein.
2025-07-04,23:19:49,M0075,Gino,Mans,M0085,Jörn,Gröttner,Den Zahl verstehen Tür Gesicht Beispiel Familie Ding.
2025-07-01,03:19:33,M0060,Lorenzo,Römer,M0085,Jörn,Gröttner,Haus Name wünschen antworten zwischen laut sieht bekommen.
2025-06-23,16:46:50,M0035,Traude,Kühnert,M0095,Walter,Wesack,Sieben gab Wiese tragen gleich fragen.
2025-07-02,22:11:14,M0031,Türkan,Jähn,M0095,Walter,Wesack,Gewinnen las Tante heraus Tier zurück Schwester zur Geld Ende Zeitung vorbei groß.
2025-06-08,03:52:48,M0024,Karl-Hans,Weller,M0095,Walter,Wesack,Verstehen nichts Ferien verkaufen schreien.
2025-06-13,17:49:58,M0071,Franz-Josef,Briemer,M0096,Theresia,Stolze,Ja Bein brauchen sehr ihn Freund.
2025-07-05,08:28:23,M0097,Cetin,Trommler,M0096,Theresia,Stolze,Musik heißen Sonntag war tot fangen unser doch gibt Zeit versuchen zwei wenn.
2025-06-28,15:05:44,M0083,Cynthia,Henck,M0096,Theresia,Stolze,Leben gewinnen rot wichtig das alle wo.
2025-06-12,22:12:08,M0046,Heide-Marie,Koch,M0001,Felicitas,Dowerg,Klettern los fallen steigen hat.
2025-06-16,08:03:17,M0033,Marija,Faust,M0001,Felicitas,Dowerg,Onkel für Abend ist legen arbeiten nicht Garten.
2025-07-04,14:16:59,M0096,Theresia,Stolze,M0001,Felicitas,Dowerg,Bei Stück alle bekommen suchen bin packen zusammen dick möglich alle lesen Oma.
2025-06-29,19:39:20,M0088,Gregor,Junken,M0004,Stephanie,Schwital,Führen mit Kind wohnen Klasse sie Ferien Mutter stark fressen Glück dir Monat nächste Hilfe vor.
2025-06-06,18:54:49,M0066,Aziz,Schuster,M0004,Stephanie,Schwital,Finger gehören nehmen schon.
2025-06-20,03:23:13,M0083,Cynthia,Henck,M0004,Stephanie,Schwital,Jetzt bekommen andere möglich Tag.
2025-06-22,17:30:33,M0012,Gerta,Säuberlich,M0005,Roderich,Klotz,Denken Wissen wenig allein Wohnung spielen dick Bein Himmel denken ihn.
2025-07-03,23:29:24,M0016,Hans-Walter,Mies,M0005,Roderich,Klotz,Rot Freund gleich unser schlecht an.
2025-06-13,11:11:23,M0031,Türkan,Jähn,M0005,Roderich,Klotz,Eltern rund Sonntag man Papa hoch früher Geschichte.
2025-06-25,15:14:31,M0067,Lissi,Gute,M0007,Trude,Budig,Schnell wieder mehr mögen spät er kaufen andere verstecken sie weil Wissen.
2025-06-21,12:22:57,M0072,Magarete,Rohleder,M0007,Trude,Budig,Nennen Baum ließ spielen Wort.
2025-06-24,09:03:12,M0058,Rosi,Berger,M0007,Trude,Budig,Leicht anfangen jetzt ganz Geld Sommer.
2025-06-17,00:46:39,M0088,Gregor,Junken,M0009,Dusan,Sorgatz,Frei sind nächste halten zum voll.
2025-06-20,18:25:04,M0061,Martina,Warmer,M0009,Dusan,Sorgatz,Ging Hase was Pferd Ball glücklich dazu Luft nehmen natürlich Herz mein bringen Polizei leben etwas.
2025-06-26,10:12:42,M0038,Sybilla,Jungfer,M0009,Dusan,Sorgatz,Oft beim es führen Katze richtig.
2025-06-05,21:18:48,M0025,Vittorio,Thies,M0019,Angelica,Mühle,Hart schwer aber rot fallen ihm.
2025-06-29,15:31:15,M0040,Kirsten,Schulz,M0019,Angelica,Mühle,Dann tun wird stark erschrecken da.
2025-06-22,18:58:35,M0016,Hans-Walter,Mies,M0019,Angelica,Mühle,Waschen ganz dein aber sein mich gab Junge haben finden.
2025-07-03,16:42:48,M0097,Cetin,Trommler,M0020,Heiderose,Adolph,Fiel zwei lieb glauben Beispiel.
2025-06-30,04:48:43,M0016,Hans-Walter,Mies,M0020,Heiderose,Adolph,Natürlich heraus Geld stellen dein.
2025-06-19,12:35:04,M0047,Karl-Friedrich,Fiebig,M0020,Heiderose,Adolph,Warm wenig Geschenk Stelle Stadt mehr Hunger.
2025-06-06,14:24:58,M0050,Dogan,Löwer,M0024,Karl-Hans,Weller,Sich Schiff Fuß dem dich kann sie Wagen sechs im Uhr sagen Glas geben waschen.
2025-06-26,01:04:17,M0059,Reimer,Lange,M0024,Karl-Hans,Weller,Blume zehn genau einfach Boden langsam.
2025-06-12,09:47:45,M0078,Marieluise,Scholz,M0024,Karl-Hans,Weller,Mehr Hand bald Teller ein.
2025-07-05,12:47:30,M0093,Brit,Radisch,M0025,Vittorio,Thies,Fallen Tier beide gleich Schwester schauen kurz haben Teller.
2025-06-13,00:56:04,M0019,Angelica,Mühle,M0025,Vittorio,Thies,Selbst ganz später nass werden.
2025-06-30,11:32:55,M0054,Klaas,Junken,M0025,Vittorio,Thies,Plötzlich Loch Mutter wird ließ Welt.
2025-06-14,04:08:25,M0091,Antonios,Matthäi,M0029,Jan-Peter,Heinrich,Sind Schluss brauchen Licht beim waschen sagen wo blau.
2025-07-04,01:25:13,M0042,Oscar,Ruppert,M0029,Jan-Peter,Heinrich,Stark Loch zur.
2025-06-12,07:30:46,M0079,Gotthilf,Kreusel,M0029,Jan-Peter,Heinrich,Ein sieht bauen sind Wasser einfach.
2025-06-06,11:20:03,M0044,Apollonia,Ebert,M0039,Alexandros,Ullmann,Glas nun führen über weit Uhr.
2025-06-27,13:11:38,M0089,Claus,Bien,M0039,Alexandros,Ullmann,Letzte Wetter dunkel Lehrer frei heißen Stück fallen immer Uhr.
2025-06-14,10:51:36,M0058,Rosi,Berger,M0039,Alexandros,Ullmann,Abend Haare Fisch Boden Milch Bruder bleiben sein nah Bauer dumm Frau wollen.
2025-06-16,02:08:14,M0034,Mary,Ruppert,M0046,Heide-Marie,Koch,Schauen Schwester fangen Tisch dunkel zeigen spielen gewinnen stehen ruhig kam.
2025-07-04,21:12:13,M0033,Marija,Faust,M0046,Heide-Marie,Koch,Bein Winter davon erschrecken oder Ende Sonne.
2025-06-27,01:14:40,M0053,Edit,Margraf,M0046,Heide-Marie,Koch,Zug gut singen sofort zwischen Glas davon Lehrerin wohnen.
2025-06-28,07:27:46,M0054,Klaas,Junken,M0047,Karl-Friedrich,Fiebig,Letzte Minutenmir immer.
2025-06-16,08:01:58,M0056,Ercan,Radisch,M0047,Karl-Friedrich,Fiebig,Nun kochen singen Zeit.
2025-06-30,05:20:23,M0069,Elisabet,Lübs,M0047,Karl-Friedrich,Fiebig,Zur Sohn den ihn singen acht wie.
2025-07-03,21:06:44,M0096,Theresia,Stolze,M0049,Udo,Pärtzelt,Als einmal Loch blau noch Name zehn Hand Buch zu nennen sitzen.
2025-06-16,14:20:15,M0017,Murat,Vollbrecht,M0049,Udo,Pärtzelt,Herz verlieren weg eigentlich lange hier sollen Winter.
2025-06-22,18:59:09,M0020,Heiderose,Adolph,M0049,Udo,Pärtzelt,Dein Geschenk rennen nun von.
2025-07-04,13:09:56,M0033,Marija,Faust,M0060,Lorenzo,Römer,Wasser alle endlich einige Mama gegen verlieren.
2025-06-29,15:53:16,M0029,Jan-Peter,Heinrich,M0060,Lorenzo,Römer,Auge anfangen Schüler nichts.
2025-06-11,11:30:54,M0040,Kirsten,Schulz,M0060,Lorenzo,Römer,Familie Hand nämlich sollen müde alle Buch offen.
2025-06-25,04:45:49,M0032,Gerwin,Henck,M0064,Herma,Etzold,Möglich vorbei Vater schwer damit Familie.
2025-06-25,05:21:00,M0021,Tomasz,Heser,M0064,Herma,Etzold,Lachen beim Arbeit.
2025-06-26,04:24:53,M0096,Theresia,Stolze,M0064,Herma,Etzold,Deshalb Geschenk gar Stadt.
2025-06-05,23:32:06,M0080,Annekatrin,Schuchhardt,M0068,Stefanie,Pohl,War wo durch Zeitung fliegen werfen Zahl zurück Loch Polizei Fußball hat oben hart.
2025-07-04,10:13:23,M0052,Christof,Faust,M0068,Stefanie,Pohl,Meer gesund zwei einfach sagen allein.
2025-06-05,14:56:25,M0090,Annemie,Eckbauer,M0068,Stefanie,Pohl,Halbe Ende draußen draußen möglich schwimmen genau.
2025-06-17,23:35:39,M0046,Heide-Marie,Koch,M0069,Elisabet,Lübs,Den als erklären Milch hin sechs.
2025-06-25,03:33:49,M0041,Alena,Säuberlich,M0069,Elisabet,Lübs,Weinen Feuer die der Vogel Fenster im Boden schwarz schenken.
2025-06-13,14:28:45,M0087,Vanessa,Eimer,M0069,Elisabet,Lübs,Springen bauen Katze genau.
2025-06-16,11:38:01,M0016,Hans-Walter,Mies,M0074,Irmi,Schleich,Wald leise fangen Herr dafür Bein viel ihr Dorf Lehrerin vor Stadt.
2025-07-04,05:27:32,M0010,Mandy,Rogner,M0074,Irmi,Schleich,Nämlich Meer Brief Bein öffnen turnen vorbei lieb.
2025-07-02,12:35:11,M0004,Stephanie,Schwital,M0074,Irmi,Schleich,Reiten weinen voll.
2025-06-27,01:53:08,M0010,Mandy,Rogner,M0077,Donata,Söding,Schnell rennen gut Bruder.
2025-07-04,10:35:39,M0034,Mary,Ruppert,M0077,Donata,Söding,Wichtig kann was Auge Fußball dafür.
2025-06-11,00:06:54,M0056,Ercan,Radisch,M0077,Donata,Söding,Arbeiten oben nur Erde dürfen.
2025-07-03,11:36:35,M0072,Magarete,Rohleder,M0082,Kai-Uwe,Hövel,Eltern Spaß tot so drehen sprechen Affe Leben.
2025-07-03,23:47:45,M0031,Türkan,Jähn,M0082,Kai-Uwe,Hövel,Er gibt Wiese was erzählen alle einigen.
2025-06-19,10:59:15,M0063,Jörn,Mende,M0082,Kai-Uwe,Hövel,Geschenk warm schwimmen weil weiter wenig von fiel zeigen Mensch.
2025-06-16,21:45:16,M0070,Peer,Martin,M0084,Christiana,Heinrich,Oder kurz Bein legen spät kalt Schule ins Zug besser.
2025-06-24,14:46:19,M0059,Reimer,Lange,M0084,Christiana,Heinrich,Merken wird Stadt scheinen gewinnen Monat tun holen.
2025-06-06,11:07:46,M0095,Walter,Wesack,M0084,Christiana,Heinrich,Teller Monate mehr vier Weg leben Brot beißen nennen.
2025-06-27,15:21:39,M0075,Gino,Mans,M0088,Gregor,Junken,Lernen essen besser beim treffen warm.
2025-06-10,10:25:56,M0002,Mara,Albers,M0088,Gregor,Junken,Endlich Hase Apfel gab Spaß kennen singen Stunde Erde alle Arzt ihr Welt.
2025-06-17,12:49:25,M0084,Christiana,Heinrich,M0088,Gregor,Junken,Drehen nach leise Hund Luft nass dir.
2025-06-10,14:06:14,M0094,Valeska,Austermühle,M0099,Hubertine,Geißler,Schreiben darauf den von spät laut fiel scheinen nimmt liegen Wiese.
2025-06-07,19:39:20,M0022,Vladimir,Liebelt,M0099,Hubertine,Geißler,Sieben nämlich kommen selbst Stadt zurück zwischen einfach Jahr beißen Winter.
2025-06-23,21:11:34,M0011,Heinz-Joachim,Bohlander,M0099,Hubertine,Geißler,Sofort Brot wichtig also drei sind.
2025-07-03,13:22:12,M0069,Elisabet,Lübs,M0100,Katalin,Trub,Dorf nehmen Kopf Sohn nicht Fahrrad verlieren nie spät.
2025-06-26,10:23:10,M0091,Antonios,Matthäi,M0100,Katalin,Trub,Stadt helfen dumm Apfel dem weil.
2025-06-10,16:40:31,M0076,Klaus Dieter,Kraus,M0100,Katalin,Trub,Mich Abend her fertig den.
2025-06-10,13:11:21,M0042,Oscar,Ruppert,M0003,Hans-Jochen,Tlustek,Treffen Leben bleiben erst oft.
2025-06-12,22:39:18,M0014,Jan-Peter,Birnbaum,M0003,Hans-Jochen,Tlustek,Beide lustig Wetter scheinen einige scheinen braun daran.
2025-06-26,13:09:26,M0030,Kamil,Bien,M0003,Hans-Jochen,Tlustek,Eigentlich Stunde versuchen früher alt einigen aus.
2025-06-25,16:14:54,M0060,Lorenzo,Römer,M0008,Dagmar,Röhrdanz,Braun Finger gelb Auto müssen.
2025-06-11,23:00:45,M0038,Sybilla,Jungfer,M0008,Dagmar,Röhrdanz,Also darin der Glück sieben ich schauen See Buch Kopf fressen blau sieht oft fährt oft.
2025-06-06,06:14:44,M0054,Klaas,Junken,M0008,Dagmar,Röhrdanz,Auto schlagen ob Erde wichtig lernen warm ich.
2025-06-14,05:33:38,M0036,Raisa,Thanel,M0010,Mandy,Rogner,Trinken sagen kommen besser einfach nehmen ihm schenken Flasche Opa fährt Nase mich Mann.
2025-07-02,16:17:03,M0034,Mary,Ruppert,M0010,Mandy,Rogner,Spaß zusammen spielen langsam.
2025-06-09,20:03:05,M0018,Romuald,Textor,M0010,Mandy,Rogner,Bild ja brauchen Wiese ganz nur sicher.
2025-06-25,17:31:43,M0055,Klaas,Drewes,M0014,Jan-Peter,Birnbaum,Essen neben etwas kaufen Fuß hart Licht glauben Tier daran las.
2025-06-27,08:21:43,M0001,Felicitas,Dowerg,M0014,Jan-Peter,Birnbaum,Denn gegen früher wissen bekommen bekommen lernen Minute sitzen Dorf Essen baden Familie Weg.
2025-06-12,07:30:07,M0001,Felicitas,Dowerg,M0014,Jan-Peter,Birnbaum,Noch unser ins fast hören Fuß zum Rad Monate will Kind Hand drei.
2025-06-28,06:51:04,M0083,Cynthia,Henck,M0017,Murat,Vollbrecht,Wohnen noch Welt beim.
2025-07-01,03:22:27,M0045,Erhardt,Dietz,M0017,Murat,Vollbrecht,Zeit er bald uns Oma wenn springen her Milch fangen Lehrerin antworten.
2025-06-19,22:46:23,M0042,Oscar,Ruppert,M0017,Murat,Vollbrecht,Gesund Bett Bauer noch Lehrerin.
2025-06-20,13:31:01,M0024,Karl-Hans,Weller,M0028,Rudolf,Niemeier,Sommer Dorf ihn brauchen dumm.
2025-06-21,16:11:31,M0055,Klaas,Drewes,M0028,Rudolf,Niemeier,Reiten ist natürlich groß wieder schreien Frau gehen.
2025-06-28,16:32:16,M0022,Vladimir,Liebelt,M0028,Rudolf,Niemeier,Braun machen frei gerade gewinnen erst erschrecken.
2025-06-17,06:49:05,M0049,Udo,Pärtzelt,M0030,Kamil,Bien,Schule ließ freuen wahr spielen weil lassen.
2025-06-28,05:46:07,M0090,Annemie,Eckbauer,M0030,Kamil,Bien,Wohnung Fußball treffen will halbe nass.
2025-06-19,14:07:32,M0012,Gerta,Säuberlich,M0030,Kamil,Bien,Hat sechs beim dazu springen.
2025-06-29,07:39:28,M0057,Cetin,Möchlichen,M0032,Gerwin,Henck,Ziehen das klettern baden Seite gestern alt nennen glauben zusammen Affe.
2025-07-01,13:55:21,M0021,Tomasz,Heser,M0032,Gerwin,Henck,Winter Weihnachten Buch hin über Berg acht das Freude daran Platz.
2025-07-04,00:50:14,M0041,Alena,Säuberlich,M0032,Gerwin,Henck,Leise zum Auge Onkel.
2025-06-11,12:55:44,M0093,Brit,Radisch,M0037,Bianca,Fiebig,Ziehen aber er letzte baden gestern.
2025-06-22,04:50:00,M0078,Marieluise,Scholz,M0037,Bianca,Fiebig,Mutter Junge gegen baden Ding Tier ziehen Schüler Stück Boden neu Minutenmir Fahrrad ist damit sie.
2025-06-27,17:21:01,M0049,Udo,Pärtzelt,M0037,Bianca,Fiebig,Fast erzählen Uhr See Rad öffnen Stück ohne hat unter sein Himmel werfen wichtig.
2025-06-26,01:21:52,M0014,Jan-Peter,Birnbaum,M0040,Kirsten,Schulz,Ganz Beispiel gelb gar Lehrerin fest sitzen fünf natürlich.
2025-06-05,13:17:47,M0090,Annemie,Eckbauer,M0040,Kirsten,Schulz,Dürfen Arbeit Stunde endlich.
2025-06-06,09:26:00,M0026,Nick,Reichmann,M0040,Kirsten,Schulz,Man leicht oben Minutenmir jeder gab Geschichte lange Wagen.
2025-06-27,11:48:52,M0058,Rosi,Berger,M0041,Alena,Säuberlich,Antworten alt wir turnen reich merken Stelle.
2025-06-10,05:05:20,M0066,Aziz,Schuster,M0041,Alena,Säuberlich,Es bauen Papa ein Weg verlieren Luft.
2025-06-27,17:52:49,M0019,Angelica,Mühle,M0041,Alena,Säuberlich,Wer baden bald Gesicht gab nun waschen gerade fertig kein dabei heute Uhr.
2025-06-29,09:03:30,M0019,Angelica,Mühle,M0044,Apollonia,Ebert,Tür werden kochen Bruder einigen dunkel mögen Wetter Geschenk Leute kennen sieht vergessen Rad.
2025-06-15,05:46:13,M0089,Claus,Bien,M0044,Apollonia,Ebert,Sechs leise von Tisch bis seit Schwester.
2025-06-07,07:50:34,M0078,Marieluise,Scholz,M0044,Apollonia,Ebert,Minutenmir weinen anfangen laufen lernen schreien.
2025-07-01,01:30:28,M0007,Trude,Budig,M0054,Klaas,Junken,Was mein ein Stadt treffen rund Freund Spaß ihn Zeit zehn auch er unter.
2025-06-14,22:54:39,M0001,Felicitas,Dowerg,M0054,Klaas,Junken,Neu gestern die Ball bauen wissen will ja verstehen Geschichte.
2025-06-29,05:21:52,M0013,Rabea,Henschel,M0054,Klaas,Junken,Katze Jahr Stein klein Schwester ein über.
2025-06-14,19:28:52,M0024,Karl-Hans,Weller,M0058,Rosi,Berger,Vielleicht seit krank im Berg.
2025-06-10,03:19:08,M0028,Rudolf,Niemeier,M0058,Rosi,Berger,Ließ oft ging hoch bin.
2025-07-01,19:40:02,M0048,Traudel,Schmiedecke,M0058,Rosi,Berger,Tun sprechen unter war erschrecken also warm erzählen böse jung Familie Haare Katze steigen es Sache.
2025-06-10,10:20:27,M0025,Vittorio,Thies,M0061,Martina,Warmer,Spielen unser fangen vier fiel Lehrerin zum tot etwas ihm Leute.
2025-06-26,21:34:42,M0049,Udo,Pärtzelt,M0061,Martina,Warmer,Beim gleich tragen weg etwas es fröhlich Kind Frau Geschichte.
2025-07-05,09:08:06,M0096,Theresia,Stolze,M0061,Martina,Warmer,Sie Kind sieht Mädchen Bein leben Sache Familie frei.
2025-06-17,12:11:08,M0034,Mary,Ruppert,M0062,Sara,Gude,Bringen glücklich Eis schaffen nichts.
2025-06-13,22:55:23,M0035,Traude,Kühnert,M0062,Sara,Gude,Dabei ganz offen danach lachen gesund Apfel kennen vielleicht Meer er etwas schwer merken.
2025-06-29,06:24:57,M0069,Elisabet,Lübs,M0062,Sara,Gude,Reich Tisch hinter steigen nie weil mehr viel.
2025-06-16,18:21:33,M0088,Gregor,Junken,M0073,Anna-Maria,Fliegner,Opa als dumm grün dich Frage nächste sechs schreiben.
2025-06-25,05:31:21,M0063,Jörn,Mende,M0073,Anna-Maria,Fliegner,Name wieder fragen hören heiß Pferd Leben wenig verlieren.
2025-06-15,05:23:56,M0029,Jan-Peter,Heinrich,M0073,Anna-Maria,Fliegner,Andere Freude stark damit Katze mich fragen ich lustig.
2025-06-18,05:21:27,M0059,Reimer,Lange,M0076,Klaus Dieter,Kraus,Richtig wenig Kopf Eltern stehen gehen Nase uns Ball Musik ging überall Schuh.
2025-07-04,19:39:43,M0080,Annekatrin,Schuchhardt,M0076,Klaus Dieter,Kraus,Zimmer schicken bin zwei Bett ruhig in beim erst richtig erklären nächste.
2025-06-23,14:08:14,M0021,Tomasz,Heser,M0076,Klaus Dieter,Kraus,Boden Ferien jetzt Spiel Pferd vor halten Berg Opa steigen leben sind gibt.
2025-06-13,02:55:04,M0044,Apollonia,Ebert,M0079,Gotthilf,Kreusel,Seit voll schaffen mal lassen.
2025-06-06,09:48:24,M0037,Bianca,Fiebig,M0079,Gotthilf,Kreusel,Schlecht dich fiel Polizei Bein Essen.
2025-07-03,03:14:13,M0060,Lorenzo,Römer,M0079,Gotthilf,Kreusel,Schnell bald Herz Loch Minute Oma Glück.
2025-06-27,17:00:52,M0037,Bianca,Fiebig,M0081,Wojciech,Putz,Freund glücklich lange klein Tante nächste sofort einige Minutenmir.
2025-06-10,10:19:08,M0043,Ottomar,Wagenknecht,M0081,Wojciech,Putz,Tragen Arbeit was daran kochen kochen Geschenk schreien deshalb Tisch dumm fragen reiten Sohn warten.
2025-06-30,08:53:02,M0092,Burghard,Roht,M0081,Wojciech,Putz,Wissen einigen tragen letzte warum Opa Stadt.
2025-06-18,21:00:19,M0059,Reimer,Lange,M0086,Ramon,Heinz,Zusammen wieder Fahrrad schicken weil Arbeit Loch warten gehören vorbei essen damit verkaufen wünschen.
2025-06-07,05:02:06,M0012,Gerta,Säuberlich,M0086,Ramon,Heinz,Zeitung Onkel ziehen fragen Leute auch.
2025-06-27,23:40:17,M0010,Mandy,Rogner,M0086,Ramon,Heinz,Von sprechen erzählen Zug jetzt Brot waschen Herz unter.
2025-06-23,00:00:48,M0049,Udo,Pärtzelt,M0087,Vanessa,Eimer,Wissen steigen Schluss Stadt Glas Straße halten heiß.
2025-06-20,21:41:21,M0047,Karl-Friedrich,Fiebig,M0087,Vanessa,Eimer,Schwimmen noch sie Wort danach gerade Garten Kind bei nun Name Wasser müssen.
2025-06-30,04:08:31,M0068,Stefanie,Pohl,M0087,Vanessa,Eimer,Gott fünf wieder um einige trinken blau weiß nach.
2025-06-08,22:40:49,M0013,Rabea,Henschel,M0090,Annemie,Eckbauer,Schule arbeiten daran Polizei früh drehen Mädchen weil lesen.
2025-06-12,08:33:11,M0017,Murat,Vollbrecht,M0090,Annemie,Eckbauer,Tot oder Meer lustig bald gefährlich.
2025-06-14,19:25:17,M0038,Sybilla,Jungfer,M0090,Annemie,Eckbauer,Früh richtig schicken sechs.
2025-06-10,17:54:27,M0031,Türkan,Jähn,M0092,Burghard,Roht,Unten können mein uns Sache weil viel drei.
2025-06-21,12:48:29,M0038,Sybilla,Jungfer,M0092,Burghard,Roht,Ein richtig gewinnen Tier traurig schlimm klein Welt.
2025-07-01,03:56:17,M0005,Roderich,Klotz,M0092,Burghard,Roht,Weihnachten Blume ganz nächste.
2025-06-14,01:09:16,M0100,Katalin,Trub,M0094,Valeska,Austermühle,Ja wir sitzen schnell dann.
2025-06-17,14:46:40,M0045,Erhardt,Dietz,M0094,Valeska,Austermühle,Nimmt einfach halten vor vom denn schenken hart.
2025-06-26,16:19:17,M0079,Gotthilf,Kreusel,M0094,Valeska,Austermühle,Sechs kam Himmel Lehrerin mal Leute Eis so.
2025-06-29,05:11:20,M0037,Bianca,Fiebig,M0098,Annekatrin,Fischer,Wald reiten heute danach schlafen den Fenster schreiben weinen überall.
2025-06-20,00:54:43,M0018,Romuald,Textor,M0098,Annekatrin,Fischer,Auf rot der unten haben drehen.
2025-06-28,10:34:10,M0052,Christof,Faust,M0098,Annekatrin,Fischer,Nicht geben Stelle nah müde neun am Hand holen früh.
